runID,renderer,mesh,count,width,height,requestedFPS,cpu_ms_per_update,extra_cpu_ms_per_update_over_idle,cpu_percent_one_core,setter_mean_ms,callback_fps,callback_p95_ms,callback_p99_ms,missed_requested_slots_percent,footprint_mb,baseline_footprint_mb,incremental_footprint_mb,peak_footprint_mb,resident_mb,average_extra_footprint_mb_per_view,construction_wall_ms,idle_before_cpu_percent,idle_after_cpu_percent,idle_before_footprint_mb,idle_after_footprint_mb,kh_cpu_wall_ms_per_mesh_draw,kh_gpu_ms_per_mesh_draw,kh_gpu_equal_share_ms_per_mesh_draw,kh_command_buffers_per_update,kh_render_passes_per_update,kh_gpu_command_interval_sum_ms_per_update,kh_snapshot_ms_per_mesh_draw,kh_encoding_ms_per_mesh_draw,kh_scheduling_wait_ms_per_mesh_draw,kh_drawable_wait_ms_per_mesh_draw,kh_gpu_samples,kh_presented_fps_per_view,kh_submissions_per_update,idle_after_metal_submissions,gpu_errors,thermal_max,low_power,all_visible,interruptions,instrumented,build,source_sha256,executable_sha256,subdivisions,gpu_batch_envelope_ms
120hz-152x88-organic-60-kh-r1-n12-seed42,kh,organic,60,152,88,120,4.799382690302399,4.702805013198418,57.50143093003647,0.35448748765491933,119.81005608538675,8.423529166611843,8.470233764965087,0.0,57.120890299479164,6.948954264322917,50.17193603515625,57.4073486328125,48.41335227272727,0.8361989339192708,34.84495833981782,1.1570976910424262,1.1893903019648364,24.33637413611779,51.75230055588942,0.031127564865471986,,0.023482118246524627,1.0000000000000233,8.0,1.4089270947914776,0.0005590357398258203,0.012444138108234061,0.013381479548204258,0.004742911469207822,57540,119.93045911200721,60.0,0,0,0,False,True,0,True,Release,efd8805a5beba4ceb29457bfffdcd8f4c3dd66d23dc64c089429920dc707b8f6,af247ade39340c5b7e6f12c1aa32411c3f23209339efec9d859b81ddcb3b8e8e,12,1.4089270947914776
120hz-152x88-organic-60-kh-r2-n12-seed42,kh,organic,60,152,88,120,4.760105318039624,4.666042160828475,57.02973703552555,0.3574170145265393,119.80772110103725,8.425483363680542,8.472573336912319,0.0,57.24790630918561,6.983784993489583,50.26412131569602,57.548095703125,48.41903409090909,0.8377353552616004,34.865374967921525,1.1269492505036367,1.139379436669998,24.925438514122597,51.71516301081731,0.030915731679527433,,0.023390768017512407,1.0000000000000233,8.0,1.4034460810507445,0.0005692504721473246,0.012358920607622935,0.013321055632118937,0.00466650496763823,57540,119.93046349124019,60.0,0,0,0,False,True,0,True,Release,efd8805a5beba4ceb29457bfffdcd8f4c3dd66d23dc64c089429920dc707b8f6,af247ade39340c5b7e6f12c1aa32411c3f23209339efec9d859b81ddcb3b8e8e,12,1.4034460810507445
120hz-152x88-organic-60-kh-r3-n12-seed42,kh,organic,60,152,88,120,4.795472367049009,4.699141859865678,57.45476406403682,0.3783820809168125,119.81043715072593,8.423758324352093,8.46529540780466,0.0,57.08117860736269,6.863945855034722,50.217232752327966,57.37615966796875,48.46590909090909,0.8369538792054662,34.68954167328775,1.1541400176585943,1.1448422811943855,24.904944786658653,51.68986159104567,0.030316260301705204,,0.02319298894484493,1.0000000000000233,8.0,1.391579336690696,0.0005451576273352928,0.012281128339861775,0.012777189785936048,0.004712784548572028,57540,119.93045535850406,60.0,0,0,0,False,True,0,True,Release,efd8805a5beba4ceb29457bfffdcd8f4c3dd66d23dc64c089429920dc707b8f6,af247ade39340c5b7e6f12c1aa32411c3f23209339efec9d859b81ddcb3b8e8e,12,1.3915793366906957
120hz-152x88-organic-60-kh-r1-n16-seed42,kh,organic,60,152,88,120,4.7588456725756,4.658933780805401,57.01591221500229,0.3283550582604718,119.81038289090792,8.424202105379663,8.484412073157728,0.0,58.84626908735795,6.943745930989583,51.90252315636837,59.1417236328125,48.41903409090909,0.8650420526061394,34.716833382844925,1.1970482008342445,1.1165132522236674,24.886854905348557,51.84004094050481,0.031713095234360944,,0.02765626304292178,1.0000000000000233,8.0,1.6593757825753068,0.0005634985335296176,0.012564133657440368,0.01398709882443255,0.0045983642189584475,57540,119.93045598335964,60.0,0,0,0,False,True,0,True,Release,efd8805a5beba4ceb29457bfffdcd8f4c3dd66d23dc64c089429920dc707b8f6,af247ade39340c5b7e6f12c1aa32411c3f23209339efec9d859b81ddcb3b8e8e,16,1.6593757825753068
120hz-152x88-organic-60-kh-r2-n16-seed42,kh,organic,60,152,88,120,4.807959332638164,4.711790018624911,57.60374334192093,0.36994347450050513,119.80913180959314,8.42790209571831,8.474342911504209,0.0,58.771931966145836,6.959370930989583,51.81256103515625,59.0948486328125,48.48153409090909,0.8635426839192708,34.29500001948327,1.1521962018651943,1.141593111257185,24.933729905348557,51.84605055588942,0.030625614846540552,,0.027533141426704235,1.0000000000000233,8.0,1.651988485602254,0.0005729514374298963,0.012293461810808457,0.013053712650659594,0.004705488947642592,57540,119.93046787047348,60.0,0,0,0,False,True,0,True,Release,efd8805a5beba4ceb29457bfffdcd8f4c3dd66d23dc64c089429920dc707b8f6,af247ade39340c5b7e6f12c1aa32411c3f23209339efec9d859b81ddcb3b8e8e,16,1.6519884856022542
120hz-152x88-organic-60-kh-r3-n16-seed42,kh,organic,60,152,88,120,4.78626590198123,4.687235720218256,57.34399593151428,0.3472160235022091,119.8094654703101,8.430374984163791,8.46256750926841,0.0,58.81081875887784,6.921237521701389,51.88958123717646,59.12615966796875,48.45028409090909,0.8648263539529409,27.733583352528512,1.1864753142449538,1.2726290441656873,24.849656325120193,51.79322697566106,0.031597136683850446,,0.027646322831444192,1.0000000000000233,8.0,1.6587793698866515,0.0005738399297272192,0.012411217554715167,0.013932615001155014,0.004679464198253028,57540,119.9304547336485,60.0,0,0,0,False,True,0,True,Release,efd8805a5beba4ceb29457bfffdcd8f4c3dd66d23dc64c089429920dc707b8f6,af247ade39340c5b7e6f12c1aa32411c3f23209339efec9d859b81ddcb3b8e8e,16,1.6587793698866515
120hz-152x88-organic-60-kh-r1-n24-seed42,kh,organic,60,152,88,120,4.773915537017726,4.678277215560252,57.19546326589033,0.3387390508324226,119.80828488142971,8.422793741920032,8.463091250741854,0.0,62.00204560250947,6.770134819878472,55.231910782631,62.2979736328125,48.45075757575758,0.9205318463771833,35.53962497971952,1.145826326275893,1.212815737293348,24.765521709735577,51.89653132512019,0.031553738689659334,,0.04202787770379364,1.0000000000000233,8.0,2.5216726622276187,0.0005822325639878612,0.012515817269665728,0.013862562995735166,0.004593125860270554,57540,119.93045348131561,60.0,0,0,0,False,True,0,True,Release,efd8805a5beba4ceb29457bfffdcd8f4c3dd66d23dc64c089429920dc707b8f6,af247ade39340c5b7e6f12c1aa32411c3f23209339efec9d859b81ddcb3b8e8e,24,2.521672662227618
120hz-152x88-organic-60-kh-r2-n24-seed42,kh,organic,60,152,88,120,4.808715328467154,4.698180554457315,57.612551045046864,0.35537048093673534,119.80861230022465,8.427631272934377,8.479267933871597,0.0,62.40498120857008,6.990620930989583,55.41436027758049,62.7198486328125,48.396780303030305,0.9235726712930082,26.994500018190593,1.3243017885037693,1.0943227405789628,24.865220289963943,52.00951209435096,0.031428564262023194,,0.042041858564843784,1.0000000000000233,8.0,2.522511513890627,0.0005551797119242799,0.012398474987298118,0.013726983386259241,0.0047479261765415144,57540,119.93047600233737,60.0,0,0,0,False,True,0,True,Release,efd8805a5beba4ceb29457bfffdcd8f4c3dd66d23dc64c089429920dc707b8f6,af247ade39340c5b7e6f12c1aa32411c3f23209339efec9d859b81ddcb3b8e8e,24,2.522511513890627
120hz-152x88-organic-60-kh-r3-n24-seed42,kh,organic,60,152,88,120,4.7922012513034415,4.693502085415218,57.41530638415667,0.33902089827479376,119.80988145800463,8.43284580623731,8.46703545015771,0.0,62.20617860736269,6.916029188368055,55.29014941899463,62.43865966796875,48.458333333333336,0.9215024903165772,35.573125001974404,1.1825135365072077,1.1730816514860412,24.97832312950721,52.06846736027644,0.031168625434633387,,0.04194900720233932,1.0000000000000233,8.0,2.5169404321403595,0.0005415298343630592,0.012404093518691347,0.013559402153697131,0.004663599927881833,57540,119.9304509792717,60.0,0,0,0,False,True,0,True,Release,efd8805a5beba4ceb29457bfffdcd8f4c3dd66d23dc64c089429920dc707b8f6,af247ade39340c5b7e6f12c1aa32411c3f23209339efec9d859b81ddcb3b8e8e,24,2.5169404321403595
120hz-152x88-organic-60-kh-r1-n32-seed42,kh,organic,60,152,88,120,4.685144942648593,4.588059014147771,56.132602027477795,0.33026611840554415,119.8097448736454,8.425499961595051,8.456339983968064,0.0,63.6432051225142,7.025404188368055,56.617800934146146,66.25115966796875,49.01278409090909,0.9436300155691024,34.48224999010563,1.1631840324504472,1.1668243040362363,24.9542236328125,52.58890005258414,0.0316790992715456,,0.07319596585055933,1.0000000000000233,8.0,4.3917579510335605,0.000552139242748132,0.01253385253506008,0.013966335020812088,0.004626772472925282,57540,119.93044722576904,60.0,0,0,0,False,True,0,True,Release,efd8805a5beba4ceb29457bfffdcd8f4c3dd66d23dc64c089429920dc707b8f6,af247ade39340c5b7e6f12c1aa32411c3f23209339efec9d859b81ddcb3b8e8e,32,4.39175795103356
120hz-152x88-organic-60-kh-r2-n32-seed42,kh,organic,60,152,88,120,4.764949947862357,4.668187908012947,57.088956834597596,0.32672167190460333,119.81019204663153,8.379370826878585,8.425627516116947,0.0,63.55229603160512,6.881306966145833,56.67098906545928,66.20428466796875,49.00710227272727,0.9445164844243213,35.470291681122035,1.1593078577181573,1.1191392722858882,24.85686786358173,52.55164043719952,0.032415676097714785,,0.07321569414960362,1.0000000000000233,8.0,4.392941648976217,0.0005569943838044198,0.012649187527151513,0.014280114550673392,0.0049293796360854614,57540,119.93049602132179,60.0,0,0,0,False,True,0,True,Release,efd8805a5beba4ceb29457bfffdcd8f4c3dd66d23dc64c089429920dc707b8f6,af247ade39340c5b7e6f12c1aa32411c3f23209339efec9d859b81ddcb3b8e8e,32,4.392941648976217
120hz-152x88-organic-60-kh-r3-n32-seed42,kh,organic,60,152,88,120,4.718771637122002,4.618072756954188,56.534815730656675,0.3342742879818678,119.80833165543372,8.418989591882564,8.453276670188643,0.0,63.537556966145836,6.848259819878472,56.689297146267364,66.2823486328125,49.09138257575758,0.9448216191044561,34.98474997468293,1.2064564832476203,1.1554251793969559,24.79070105919471,52.49508901742789,0.03186530033263242,,0.07325055903929444,1.0000000000000233,8.0,4.395033542357666,0.0005726351555735313,0.012672282316945987,0.014072506802886856,0.004547876057226041,57540,119.93044660091356,60.0,0,0,0,False,True,0,True,Release,efd8805a5beba4ceb29457bfffdcd8f4c3dd66d23dc64c089429920dc707b8f6,af247ade39340c5b7e6f12c1aa32411c3f23209339efec9d859b81ddcb3b8e8e,32,4.395033542357666
120hz-152x88-organic-60-kh-r1-n4-seed42,kh,organic,60,152,88,120,4.767392075078207,4.6662168435977,57.1177563393429,0.37638442737717526,119.8092278542161,8.423041668720543,8.461131696822122,0.0,55.355265299479164,6.872565375434028,48.482699924045136,55.6729736328125,48.43465909090909,0.8080449987340856,35.4069999884814,1.212172636165099,1.1209407265906197,24.835233248197117,51.43980055588942,0.030647155557542854,,0.020169843433803247,1.0000000000000233,8.0,1.2101906060281948,0.0005617353866581842,0.012401780652357804,0.012941049714928812,0.004742589803598044,57540,119.93046161405148,60.0,0,0,0,False,True,0,True,Release,efd8805a5beba4ceb29457bfffdcd8f4c3dd66d23dc64c089429920dc707b8f6,af247ade39340c5b7e6f12c1aa32411c3f23209339efec9d859b81ddcb3b8e8e,4,1.2101906060281948
120hz-152x88-organic-60-kh-r2-n4-seed42,kh,organic,60,152,88,120,4.808362877997914,4.707116243004169,57.60857758435577,0.3681438566550682,119.80913056283845,8.425704159890302,8.481459176982753,0.0,55.345322117660984,6.862148708767361,48.48317340889362,55.6417236328125,48.46590909090909,0.808052890148227,34.58683332428336,1.2130271311013723,1.5438131016550556,24.830364520733173,51.45542555588942,0.03112225848353514,,0.020162754889885476,1.0000000000000233,8.0,1.2097652933931284,0.0005609177885402925,0.012412144433315928,0.013482180517263962,0.004667015744414961,57540,119.93045911200721,60.0,0,0,0,False,True,0,True,Release,efd8805a5beba4ceb29457bfffdcd8f4c3dd66d23dc64c089429920dc707b8f6,af247ade39340c5b7e6f12c1aa32411c3f23209339efec9d859b81ddcb3b8e8e,4,1.2097652933931284
120hz-152x88-organic-60-kh-r3-n4-seed42,kh,organic,60,152,88,120,4.873160583941606,4.7555710317988575,58.38573507920813,0.3418482801701186,119.81081697082806,8.435647896840237,8.488684184849262,0.0,55.46855024857955,6.912556966145833,48.55599328243371,55.782470703125,48.45028409090909,0.8092665547072285,33.785583334974945,1.4088500309456424,1.1750570094310386,24.91582312950721,51.56492262620192,0.03130837772209078,,0.020480799579524818,1.0000000000000233,8.0,1.228847974771489,0.0005916081156324612,0.01253341371464639,0.013575640864017007,0.0046077150277949435,57540,119.93045848627769,60.0,0,0,0,False,True,0,True,Release,efd8805a5beba4ceb29457bfffdcd8f4c3dd66d23dc64c089429920dc707b8f6,af247ade39340c5b7e6f12c1aa32411c3f23209339efec9d859b81ddcb3b8e8e,4,1.228847974771489
120hz-152x88-organic-60-kh-r1-seed42,kh,organic,60,152,88,120,4.496777893639208,4.400310016924081,53.87610878696568,0.2963358550444168,119.81047332396524,8.42419167747721,8.475988318677992,0.0,75.17918997099905,6.926445855034722,68.25274411596432,75.62615966796875,49.07954545454545,1.137545735266072,34.621833357959986,1.1557861969797236,1.1625540355429458,24.932589017427883,53.46870774489183,0.030033239927421254,,0.10814668924511645,1.0000000000000233,8.0,6.488801354706987,0.0005400852697341728,0.01174358633217532,0.013983587526698796,0.003765980798812945,57540,119.93043471467787,60.0,0,0,0,False,True,0,True,Release,efd8805a5beba4ceb29457bfffdcd8f4c3dd66d23dc64c089429920dc707b8f6,af247ade39340c5b7e6f12c1aa32411c3f23209339efec9d859b81ddcb3b8e8e,48,6.488801354706987
120hz-152x88-organic-60-kh-r2-seed42,kh,organic,60,152,88,120,4.387394160583942,4.287661077862831,52.564527747277545,0.288925312638644,119.80808157040865,8.438441637554206,8.503047897247598,0.0,75.27489494554925,6.950751410590278,68.32414353495898,75.438720703125,49.01231060606061,1.1387357255826496,35.0337500567548,1.194882930991914,1.206953476011102,24.91942889873798,53.46035531850961,0.028977113097163516,,0.10626119150418231,1.0000000000000233,8.0,6.375671490250939,0.0005515887504210453,0.011242399511376159,0.013464272659274221,0.0037188521760920835,57540,119.93053730902349,60.0,0,0,0,False,True,0,True,Release,efd8805a5beba4ceb29457bfffdcd8f4c3dd66d23dc64c089429920dc707b8f6,af247ade39340c5b7e6f12c1aa32411c3f23209339efec9d859b81ddcb3b8e8e,48,6.375671490250939
120hz-152x88-organic-60-kh-r3-seed42,kh,organic,60,152,88,120,4.556728884254433,4.459488660347131,54.592397439980225,0.30432281838691133,119.80611273280213,8.435685455333441,8.470397928613238,0.0,75.6745771928267,7.004631890190972,68.66994530263572,76.11065673828125,49.098958333333336,1.144499088377262,34.2228333465755,1.1649973227601096,1.113570327169777,25.034874549278847,53.45080096905048,0.030471102812966454,,0.10640731157823517,1.0000000000000233,8.0,6.3844386946941105,0.0005527516775759669,0.011759441260388914,0.014294473421620714,0.0038644364533808664,57540,119.93043971876446,60.0,0,0,0,False,True,0,True,Release,efd8805a5beba4ceb29457bfffdcd8f4c3dd66d23dc64c089429920dc707b8f6,af247ade39340c5b7e6f12c1aa32411c3f23209339efec9d859b81ddcb3b8e8e,48,6.3844386946941105
120hz-152x88-organic-60-kh-r1-n8-seed42,kh,organic,60,152,88,120,4.763982273201251,4.666479133404738,57.07798913859394,0.3530372774089581,119.81150614198083,8.428366659791209,8.465009139035828,0.0,55.78897742069129,6.928120930989583,48.8608564897017,56.1104736328125,48.44318181818182,0.814347608161695,35.70908337133005,1.168199803259231,1.1539290158787618,24.885714017427883,51.51552170973558,0.03102081678810165,,0.021299280927352723,1.0000000000000233,8.0,1.2779568556411633,0.0005689483547620774,0.012325637952682253,0.013409066154604701,0.004717164326052585,57540,119.9304603634663,60.0,0,0,0,False,True,0,True,Release,efd8805a5beba4ceb29457bfffdcd8f4c3dd66d23dc64c089429920dc707b8f6,af247ade39340c5b7e6f12c1aa32411c3f23209339efec9d859b81ddcb3b8e8e,8,1.2779568556411633
120hz-152x88-organic-60-kh-r2-n8-seed42,kh,organic,60,152,88,120,4.786945776850886,4.689051485557166,57.35259377670899,0.36444082286605095,119.81041033315957,8.431237525655888,8.478971237200312,0.0,55.9651748194839,6.945543077256945,49.019631742226956,56.25115966796875,48.46590909090909,0.8169938623704492,28.6796250147745,1.1728755209174466,1.121923110502584,24.880906325120193,51.60332312950721,0.03102718252822339,,0.02133739355162172,1.0000000000000233,8.0,1.2802436130973032,0.0005582537096842533,0.012412654240976598,0.01338323993036353,0.0046730346471989944,57540,119.9304603634663,60.0,0,0,0,False,True,0,True,Release,efd8805a5beba4ceb29457bfffdcd8f4c3dd66d23dc64c089429920dc707b8f6,af247ade39340c5b7e6f12c1aa32411c3f23209339efec9d859b81ddcb3b8e8e,8,1.2802436130973032
120hz-152x88-organic-60-kh-r3-n8-seed42,kh,organic,60,152,88,120,4.7901053180396245,4.687798584535376,57.3899133169717,0.3537845855983745,119.80929333816573,8.437218758626841,8.479337916360237,0.0,55.84011378432765,6.896870930989583,48.94324285333806,57.4854736328125,48.50142045454545,0.8157207142223011,35.16779170604423,1.2257297444880093,1.1762871603313005,24.57195105919471,51.51552170973558,0.0311961650186719,,0.021255147853558087,1.0000000000000233,8.0,1.2753088712134852,0.0005509419817730608,0.012411408013337896,0.01361150721884061,0.004622307804720343,57540,119.93045848627769,60.0,0,0,0,False,True,0,True,Release,efd8805a5beba4ceb29457bfffdcd8f4c3dd66d23dc64c089429920dc707b8f6,af247ade39340c5b7e6f12c1aa32411c3f23209339efec9d859b81ddcb3b8e8e,8,1.2753088712134852
120hz-152x88-organic-60-kh-r1-n96-seed42,kh,organic,60,152,88,120,4.322213032581454,4.2056825694130255,43.10335012302484,0.24890873107340253,99.72518660719795,19.120433344505727,19.30233167950064,16.701461377870565,111.2899854255445,6.830898708767361,104.45908671677714,113.61053466796875,51.66856060606061,1.7409847786129522,34.59591668797657,1.1621022184894712,1.1513133966342732,25.003441443810097,61.27159236027644,0.10531877100464965,,0.17418555764049784,1.000000000000018,8.0,10.45113345842987,0.0007108100323779112,0.01023851989021715,0.009699006175502518,0.084670434906552,47880,49.9030776908984,60.0,0,0,0,False,True,0,True,Release,efd8805a5beba4ceb29457bfffdcd8f4c3dd66d23dc64c089429920dc707b8f6,af247ade39340c5b7e6f12c1aa32411c3f23209339efec9d859b81ddcb3b8e8e,96,10.45113345842987
120hz-152x88-organic-60-kh-r2-n96-seed42,kh,organic,60,152,88,120,4.392833541927409,4.273548065960954,43.84933801055526,0.2383972145587868,99.82016753431506,18.91520834469702,19.101464160485193,16.68404588112617,111.07887221827652,6.964640299479167,104.11423191879734,111.391845703125,51.296401515151516,1.7352371986466224,34.986125014256686,1.190709619538208,1.1529710745187698,25.04436786358173,61.19833608774039,0.10360713117990239,,0.17409739518610196,1.000000000000018,8.0,10.445843711166116,0.0006975463041639391,0.010185711303182675,0.009655261772485048,0.08306861180007072,47940,49.95013462805026,60.0,0,0,0,False,True,0,True,Release,efd8805a5beba4ceb29457bfffdcd8f4c3dd66d23dc64c089429920dc707b8f6,af247ade39340c5b7e6f12c1aa32411c3f23209339efec9d859b81ddcb3b8e8e,96,10.445843711166118
120hz-152x88-organic-60-kh-r3-n96-seed42,kh,organic,60,152,88,120,4.327946047678795,4.204762190434073,43.10603328553279,0.247631901293792,99.59928522827087,19.182750023901463,19.395212471135892,16.89259645464025,112.37852709221117,6.882982042100695,105.49554505011048,113.50115966796875,51.72064393939394,1.758259084168508,34.68974999850616,1.226902413323565,1.1905567040197995,25.022672213040867,61.66822697566106,0.1079366575044882,,0.17435449166504818,1.000000000000018,8.0,10.46126949990289,0.0007077279165293671,0.010355987725039338,0.009898972697653398,0.08697396916526615,47820,49.87701832166351,60.0,0,0,0,False,True,0,True,Release,efd8805a5beba4ceb29457bfffdcd8f4c3dd66d23dc64c089429920dc707b8f6,af247ade39340c5b7e6f12c1aa32411c3f23209339efec9d859b81ddcb3b8e8e,96,10.46126949990289
120hz-152x88-organic-60-swiftui-r1-seed42,swiftui,organic,60,152,88,120,3.3714684210526316,3.2645357205857364,40.013330302020464,0.15900210691861025,118.68220402766697,8.415966655593365,13.717531657312064,1.3499480789200415,78.60905317826705,6.886454264322917,71.72259891394413,100.2354736328125,50.06912878787879,1.1953766485657353,24.556249962188303,1.2691008574041438,1.2362640280414248,43.31480055588942,37.5504385141226,,,,,,,,,,,0,,,0,0,0,False,True,0,True,Release,efd8805a5beba4ceb29457bfffdcd8f4c3dd66d23dc64c089429920dc707b8f6,af247ade39340c5b7e6f12c1aa32411c3f23209339efec9d859b81ddcb3b8e8e,,
120hz-152x88-organic-60-swiftui-r2-seed42,swiftui,organic,60,152,88,120,3.4036975763962065,3.3028890712592736,40.352840996919056,0.16223077058254323,118.55589426262763,8.414068748243153,15.319952932768427,1.3513513513513513,77.766845703125,6.992479112413195,70.77436659071181,100.985595703125,50.12168560606061,1.1795727765118635,23.795499990228564,1.1951442475787857,1.1787042141354862,43.83535531850961,31.076941856971153,,,,,,,,,,,0,,,0,0,0,False,True,0,True,Release,efd8805a5beba4ceb29457bfffdcd8f4c3dd66d23dc64c089429920dc707b8f6,af247ade39340c5b7e6f12c1aa32411c3f23209339efec9d859b81ddcb3b8e8e,,
120hz-152x88-organic-60-swiftui-r3-seed42,swiftui,organic,60,152,88,120,3.3868537886873002,3.285032112589979,39.64551016188248,0.15765879481629316,117.0570465554362,8.417364559136331,16.66981875023339,2.8008298755186725,82.86770352450284,7.0167236328125,75.85097989169034,101.032470703125,50.21732954545455,1.2641829981948391,24.259458296000957,1.1918944679276722,1.6186635714448356,43.84376878004808,39.05777212289664,,,,,,,,,,,0,,,0,0,0,False,True,0,True,Release,efd8805a5beba4ceb29457bfffdcd8f4c3dd66d23dc64c089429920dc707b8f6,af247ade39340c5b7e6f12c1aa32411c3f23209339efec9d859b81ddcb3b8e8e,,
