runID,renderer,mesh,count,width,height,requestedFPS,cpu_ms_per_update,extra_cpu_ms_per_update_over_idle,cpu_percent_one_core,setter_mean_ms,callback_fps,callback_p95_ms,callback_p99_ms,missed_requested_slots_percent,footprint_mb,baseline_footprint_mb,incremental_footprint_mb,peak_footprint_mb,resident_mb,average_extra_footprint_mb_per_view,construction_wall_ms,idle_before_cpu_percent,idle_after_cpu_percent,idle_before_footprint_mb,idle_after_footprint_mb,kh_cpu_wall_ms_per_mesh_draw,kh_gpu_ms_per_mesh_draw,kh_gpu_command_interval_sum_ms_per_update,kh_snapshot_ms_per_mesh_draw,kh_encoding_ms_per_mesh_draw,kh_scheduling_wait_ms_per_mesh_draw,kh_drawable_wait_ms_per_mesh_draw,kh_gpu_samples,kh_presented_fps_per_view,kh_submissions_per_update,idle_after_metal_submissions,gpu_errors,thermal_max,low_power,all_visible,interruptions,instrumented,build,source_sha256,executable_sha256
120hz-152x88-organic-15-kh-r1,kh,organic,15,152,88,120,6.5924692387904065,6.498148937108905,78.98138412253284,3.5405042578832355,119.80546478366948,8.402837511675898,8.418583744496573,0.0,52.25015166311553,6.624301486545139,45.625850176570395,52.5323486328125,48.19034090909091,3.041723345104693,39.76433334173635,1.1300087581488267,1.1757344435919248,14.283489520733173,22.95061786358173,0.14034720476966664,0.5460488906470579,8.190733359705868,0.07588206165621357,0.028500063916999132,0.03157079986896758,0.0043942793274863515,14385,119.9306305210698,15.0,0,0,0,False,True,0,True,Release,7ce59adfdf279a4ff504d54c65bf200f7fb82b2323c5f18b38619359b46d44ad,0faaa4152ad42873c2edb6965e4311b1572ee6a0eb7150ea3c2f9cb7e6022555
120hz-152x88-organic-15-kh-r2,kh,organic,15,152,88,120,6.561758081334723,6.468074177064792,78.61411182258377,3.5234124087621734,119.80647693520714,8.397710431017913,8.413976675947197,0.0,52.28525057705966,6.5323486328125,45.75290194424716,52.54803466796875,48.14914772727273,3.0501934629498106,39.41341667086817,1.122393851611569,1.131336286322502,14.25115966796875,22.96630389873798,0.1400450585476522,0.546347766820546,8.195216502308188,0.07553904535906661,0.02880245051217234,0.03131939523759809,0.004384167438815162,14385,119.93067431179118,15.0,0,0,0,False,True,0,True,Release,7ce59adfdf279a4ff504d54c65bf200f7fb82b2323c5f18b38619359b46d44ad,0faaa4152ad42873c2edb6965e4311b1572ee6a0eb7150ea3c2f9cb7e6022555
120hz-152x88-organic-15-kh-r3,kh,organic,15,152,88,120,6.535909280500522,6.424303247006653,78.30452630902256,3.51569317028143,119.8066297257816,8.404666672868188,8.424738744215574,0.0,52.18581875887784,6.507982042100695,45.67783671677715,52.45428466796875,48.26846590909091,3.04518911445181,39.315625006565824,1.3371142729963137,1.4151465744949305,14.234271709735577,22.85692889873798,0.1392960609016156,0.5462840254178033,8.19426038126705,0.075517967290727,0.028262501445734535,0.031182829418980675,0.00433276274617338,14385,119.93064553469073,15.0,0,0,0,False,True,0,True,Release,7ce59adfdf279a4ff504d54c65bf200f7fb82b2323c5f18b38619359b46d44ad,0faaa4152ad42873c2edb6965e4311b1572ee6a0eb7150ea3c2f9cb7e6022555
120hz-152x88-organic-15-swiftui-r1,swiftui,organic,15,152,88,120,2.948003128258603,2.8455736487850523,35.31939741616597,0.157433741611144,119.80786952905737,8.418758340121713,8.477376248629298,0.0,45.09762850674716,6.580898708767361,38.51672979797979,48.81353759765625,47.73295454545455,2.567781986531986,16.35958332917653,1.227185771269641,1.073303151389997,18.595989520733173,27.03949913611779,,,,,,,,0,,,0,0,0,False,True,0,True,Release,7ce59adfdf279a4ff504d54c65bf200f7fb82b2323c5f18b38619359b46d44ad,0faaa4152ad42873c2edb6965e4311b1572ee6a0eb7150ea3c2f9cb7e6022555
120hz-152x88-organic-15-swiftui-r2,swiftui,organic,15,152,88,120,2.929349322210636,2.832443437687058,35.09591872644464,0.15796498080853438,119.80789884068682,8.415429167507682,8.44500667793909,0.0,44.80460242069129,6.544501410590278,38.26010101010101,45.1417236328125,47.60085227272727,2.550673400673401,16.884750017197803,1.1610090410068072,1.1409376761946057,17.94701209435096,20.25470440204327,,,,,,,,0,,,0,0,0,False,True,0,True,Release,7ce59adfdf279a4ff504d54c65bf200f7fb82b2323c5f18b38619359b46d44ad,0faaa4152ad42873c2edb6965e4311b1572ee6a0eb7150ea3c2f9cb7e6022555
120hz-152x88-organic-15-swiftui-r3,swiftui,organic,15,152,88,120,2.9682659019812303,2.869113978113546,35.562295785827885,0.15893582762918232,119.80832230054287,8.417470830318052,8.473019165394362,0.0,45.22701194069602,6.678181966145833,38.54882997455019,48.93865966796875,47.68513257575758,2.5699219983033457,16.769374982686713,1.1879225651458385,1.1340396584099302,18.616544283353367,24.623755821814903,,,,,,,,0,,,0,0,0,False,True,0,True,Release,7ce59adfdf279a4ff504d54c65bf200f7fb82b2323c5f18b38619359b46d44ad,0faaa4152ad42873c2edb6965e4311b1572ee6a0eb7150ea3c2f9cb7e6022555
120hz-152x88-organic-30-kh-r1,kh,organic,30,152,88,120,12.114055632823366,11.98628944316573,108.80480522991662,6.5192588087999015,89.81699319186468,11.5595854294952,12.207140010432342,0.41551246537396125,85.3278642134233,6.605204264322917,78.72265994910038,88.23553466796875,52.25994318181818,2.6240886649700124,52.97470832010731,1.1475574986630572,1.1498489508625032,18.127239520733173,35.92183274489183,0.13946740445551387,0.33817585968094244,10.145275790428274,0.07539219586996859,0.028802748955937346,0.030978556151282064,0.00429390347832585,21570,89.88537861600012,30.0,0,0,0,False,True,0,True,Release,7ce59adfdf279a4ff504d54c65bf200f7fb82b2323c5f18b38619359b46d44ad,0faaa4152ad42873c2edb6965e4311b1572ee6a0eb7150ea3c2f9cb7e6022555
120hz-152x88-organic-30-kh-r2,kh,organic,30,152,88,120,12.19667787114846,12.069398183077384,108.83337472763826,6.558946603300971,89.23198257542431,11.502933339215815,13.76015500514768,2.7247956403269753,84.24980024857955,6.554857042100695,77.69494320647885,84.735595703125,51.92755681818182,2.5898314402159617,54.26625002291985,1.1357418908163501,1.1703510565881758,17.94220440204327,35.813720703125,0.14088804079011,0.3378374649361876,10.135123948085628,0.07597431340213538,0.0289176314539623,0.03164310425306461,0.004352991680947701,21420,89.35275505359766,30.0,0,0,0,False,True,0,True,Release,7ce59adfdf279a4ff504d54c65bf200f7fb82b2323c5f18b38619359b46d44ad,0faaa4152ad42873c2edb6965e4311b1572ee6a0eb7150ea3c2f9cb7e6022555
120hz-152x88-organic-30-kh-r3,kh,organic,30,152,88,120,12.157360724233984,12.023522667604626,109.0104586914829,6.540209377602179,89.66622046032238,11.454233335098252,13.23281164863152,1.1019283746556474,82.04377330433239,6.740620930989583,75.30315237334281,84.56365966796875,52.01231060606061,2.510105079111427,52.37704166211188,1.2000752691709087,1.1904753476662977,16.936194786658653,35.85933274489183,0.14037259946606004,0.33636097372810037,10.09082921184301,0.07560170604496072,0.02911831669647985,0.03133813059130405,0.004314446133315415,21540,89.66660109981444,30.0,0,0,0,False,True,0,True,Release,7ce59adfdf279a4ff504d54c65bf200f7fb82b2323c5f18b38619359b46d44ad,0faaa4152ad42873c2edb6965e4311b1572ee6a0eb7150ea3c2f9cb7e6022555
120hz-152x88-organic-30-swiftui-r1,swiftui,organic,30,152,88,120,2.04125755995829,1.9436750465165387,24.45591738911535,0.08752811069472094,119.80809217243056,8.582091677817514,10.166675410291646,0.0,41.64409105705492,6.653815375434028,34.99027568162089,49.1573486328125,48.21780303030303,1.1663425227206965,19.029083312489092,1.1691174764846772,1.250336801723984,26.691002478966347,28.269127478966347,,,,,,,,0,,,0,0,0,False,True,0,True,Release,7ce59adfdf279a4ff504d54c65bf200f7fb82b2323c5f18b38619359b46d44ad,0faaa4152ad42873c2edb6965e4311b1572ee6a0eb7150ea3c2f9cb7e6022555
120hz-152x88-organic-30-swiftui-r2,swiftui,organic,30,152,88,120,2.176735140771637,2.0756906515995124,26.079407508579745,0.10404635921928632,119.80974175541992,8.69113333610585,10.11149041296448,0.0,41.756306966145836,6.61041259765625,35.145894368489586,49.2823486328125,48.24005681818182,1.1715298122829862,18.26604167581536,1.2106114153520546,1.3776781540471663,26.721050555889423,28.33643517127404,,,,,,,,0,,,0,0,0,False,True,0,True,Release,7ce59adfdf279a4ff504d54c65bf200f7fb82b2323c5f18b38619359b46d44ad,0faaa4152ad42873c2edb6965e4311b1572ee6a0eb7150ea3c2f9cb7e6022555
120hz-152x88-organic-30-swiftui-r3,swiftui,organic,30,152,88,120,2.711798748696559,2.6113025616456165,32.489507420723896,0.16576707519360695,119.80795933451978,8.462056245480198,9.830750843684653,0.0,49.85621226917613,6.520134819878472,43.33607744929766,73.3292236328125,48.17045454545455,1.4445359149765886,17.828041658503935,1.2040243091473564,1.1665081335819372,26.578021709735577,36.60806978665865,,,,,,,,0,,,0,0,0,False,True,0,True,Release,7ce59adfdf279a4ff504d54c65bf200f7fb82b2323c5f18b38619359b46d44ad,0faaa4152ad42873c2edb6965e4311b1572ee6a0eb7150ea3c2f9cb7e6022555
120hz-152x88-organic-30-swiftui-r4,swiftui,organic,30,152,88,120,2.1853941605839418,2.0881499770793295,26.18289503926735,0.10382177640088641,119.80857051558714,8.508281252579764,9.923727501882238,0.0,52.25251908735795,6.504509819878472,45.74800926747948,73.2979736328125,48.18986742424242,1.524933642249316,18.524416664149612,1.1650686616643047,1.1823208105986265,26.50831017127404,36.61287747896635,,,,,,,,0,,,0,0,0,False,True,0,True,Release,7ce59adfdf279a4ff504d54c65bf200f7fb82b2323c5f18b38619359b46d44ad,0faaa4152ad42873c2edb6965e4311b1572ee6a0eb7150ea3c2f9cb7e6022555
120hz-152x88-organic-30-swiftui-r5,swiftui,organic,30,152,88,120,2.1986850886339937,2.09746239475919,26.331340236584456,0.10522397443102488,119.7594888540572,8.58216456399532,10.031579174683426,0.0,47.47079560250947,6.615620930989583,40.85517467151988,73.4542236328125,48.134469696969695,1.3618391557173295,18.611541658174247,1.2122378078877196,1.174792455623056,26.609271709735577,30.265521709735577,,,,,,,,0,,,0,0,0,False,True,0,True,Release,7ce59adfdf279a4ff504d54c65bf200f7fb82b2323c5f18b38619359b46d44ad,0faaa4152ad42873c2edb6965e4311b1572ee6a0eb7150ea3c2f9cb7e6022555
120hz-152x88-organic-60-kh-r1,kh,organic,60,152,88,120,24.20109217877095,23.945410036758158,108.23919462687017,13.134230330993562,44.724921432189305,23.841966671170667,25.02031332696788,66.6044776119403,130.97112274169922,6.577487521701389,124.39363521999783,137.29827880859375,57.7470703125,2.0732272536666305,79.71345831174403,1.1435363713135682,1.2206217464577562,25.56005389873798,55.87279803936298,0.1389200263916822,0.2762532530427699,16.575195182566194,0.07735900061268548,0.02982671851369429,0.026676084408508372,0.005058222856794031,21480,44.809259877458544,60.0,0,0,0,False,True,0,True,Release,7ce59adfdf279a4ff504d54c65bf200f7fb82b2323c5f18b38619359b46d44ad,0faaa4152ad42873c2edb6965e4311b1572ee6a0eb7150ea3c2f9cb7e6022555
120hz-152x88-organic-60-kh-r2,kh,organic,60,152,88,120,24.11204722222222,23.852280092380006,108.21722773912215,12.892196643709516,44.880978683297634,23.38491252157837,23.880635831155818,66.60482374768088,127.38895988464355,6.549648708767361,120.83931117587619,134.00128173828125,57.26513671875,2.0139885195979366,78.6014583427459,1.1658603017069789,1.2090144340073208,25.245089017427883,55.51810866135817,0.14105508688738122,0.27902952936629943,16.74177176197797,0.07843329858857302,0.03035510787109767,0.026697122057494534,0.005569558370215991,21600,44.94271204758175,60.0,0,0,0,False,True,0,True,Release,7ce59adfdf279a4ff504d54c65bf200f7fb82b2323c5f18b38619359b46d44ad,0faaa4152ad42873c2edb6965e4311b1572ee6a0eb7150ea3c2f9cb7e6022555
120hz-152x88-organic-60-kh-r3,kh,organic,60,152,88,120,24.056355555555555,23.79112890675877,108.01017600377507,12.848278008782977,44.898810941805884,23.491549998288974,23.781495836446997,66.60482374768088,129.8318214416504,6.539232042100695,123.2925893995497,137.42315673828125,57.7900390625,2.054876489992495,78.87591666076332,1.1908361161055594,1.2655889956015254,25.682589017427883,58.76089712289664,0.1406694714549101,0.2772816745090057,16.63690047054034,0.07803682112690122,0.03041341252861053,0.026738092116526484,0.005481145682871876,21600,44.91926419162134,60.0,0,0,0,False,True,0,True,Release,7ce59adfdf279a4ff504d54c65bf200f7fb82b2323c5f18b38619359b46d44ad,0faaa4152ad42873c2edb6965e4311b1572ee6a0eb7150ea3c2f9cb7e6022555
120hz-152x88-organic-60-swiftui-r1,swiftui,organic,60,152,88,120,3.3396104033970273,3.236606133188945,39.30151636722712,0.15166436732082278,117.68293788775453,8.417125005507842,16.60565833444707,2.5853154084798344,73.62751908735795,6.525343153211805,67.10217593414615,82.1885986328125,49.24289772727273,1.1183695989024358,23.18979168194346,1.2121845133071254,1.1250752744129142,43.42778132512019,31.694608248197117,,,,,,,,0,,,0,0,0,False,True,0,True,Release,7ce59adfdf279a4ff504d54c65bf200f7fb82b2323c5f18b38619359b46d44ad,0faaa4152ad42873c2edb6965e4311b1572ee6a0eb7150ea3c2f9cb7e6022555
120hz-152x88-organic-60-swiftui-r2,swiftui,organic,60,152,88,120,3.351679284963197,3.234697390461726,39.82008434975046,0.15643445523842567,118.80636828349674,8.413814578671008,13.956021254416553,1.958762886597938,79.08443196614583,6.622565375434028,72.46186659071181,82.0479736328125,49.253787878787875,1.2076977765118635,23.056833335431293,1.3898194040642808,1.2429910582184354,43.50590632512019,38.27754094050481,,,,,,,,0,,,0,0,0,False,True,0,True,Release,7ce59adfdf279a4ff504d54c65bf200f7fb82b2323c5f18b38619359b46d44ad,0faaa4152ad42873c2edb6965e4311b1572ee6a0eb7150ea3c2f9cb7e6022555
120hz-152x88-organic-60-swiftui-r3,swiftui,organic,60,152,88,120,3.3739862142099675,3.2758464174925757,39.74819091855826,0.1583914809195129,117.80780475970455,8.415329149283934,16.604294989083428,2.0768431983385254,79.4807998194839,6.574015299479167,72.90678452000473,97.87615966796875,49.24242424242424,1.2151130753334123,22.357874986482784,1.1561634010839583,1.1987326018129445,43.53601543719952,30.433851975661057,,,,,,,,0,,,0,0,0,False,True,0,True,Release,7ce59adfdf279a4ff504d54c65bf200f7fb82b2323c5f18b38619359b46d44ad,0faaa4152ad42873c2edb6965e4311b1572ee6a0eb7150ea3c2f9cb7e6022555
120hz-320x200-organic-15-kh-r1,kh,organic,15,320,200,120,6.575305526590198,6.480645959463931,78.77607536299448,3.5394035452795705,119.80595433083386,8.405554154887795,8.42382750386605,0.0,88.69215716737689,6.61053466796875,82.08162249940814,88.9700927734375,48.30587121212121,5.472108166627209,39.91170832887292,1.1340779776105951,1.1301026543459642,25.61900916466346,58.30422738882211,0.14019180262826453,0.5408184771814639,8.112277157721959,0.0762166982696469,0.02875931811142489,0.030950312918653536,0.004265473328539205,14385,119.93059361167245,15.0,0,0,0,False,True,0,True,Release,7ce59adfdf279a4ff504d54c65bf200f7fb82b2323c5f18b38619359b46d44ad,0faaa4152ad42873c2edb6965e4311b1572ee6a0eb7150ea3c2f9cb7e6022555
120hz-320x200-organic-15-kh-r2,kh,organic,15,320,200,120,6.566132429614181,6.465790226013438,78.66689239274702,3.5361966459450582,119.80704506955763,8.404870827507693,8.421405411791056,0.0,88.60355446555398,6.796237521701389,81.8073169438526,88.86065673828125,48.21732954545455,5.453821129590173,39.62999998475425,1.2021702909172929,1.1643092598124034,25.662217360276443,58.34142596905048,0.13934839540954289,0.54114434580721,8.117165187108151,0.07630536735304176,0.027864114808674213,0.030828562655301973,0.0043503505925249425,14385,119.93067806530804,15.0,0,0,0,False,True,0,True,Release,7ce59adfdf279a4ff504d54c65bf200f7fb82b2323c5f18b38619359b46d44ad,0faaa4152ad42873c2edb6965e4311b1572ee6a0eb7150ea3c2f9cb7e6022555
120hz-320x200-organic-15-kh-r3,kh,organic,15,320,200,120,6.5499885297184575,6.454183816340645,78.47323282567787,3.525199295973067,119.80667213328836,8.410310433828272,8.4238704139716,0.0,88.3965195164536,6.549648708767361,81.84687080768623,88.75115966796875,48.238162878787875,5.456458053845749,41.33745832950808,1.1478043884479172,1.2387259374237078,25.84845440204327,58.12255389873798,0.13880517906232565,0.5410111631991242,8.115167447986863,0.07565634630124875,0.027935077145897682,0.03088085393336863,0.004332901681810592,14385,119.93061050204048,15.0,0,0,0,False,True,0,True,Release,7ce59adfdf279a4ff504d54c65bf200f7fb82b2323c5f18b38619359b46d44ad,0faaa4152ad42873c2edb6965e4311b1572ee6a0eb7150ea3c2f9cb7e6022555
120hz-320x200-organic-15-swiftui-r1,swiftui,organic,15,320,200,120,3.863386861313869,3.7663844713766905,46.28631033423354,0.13222753685632987,119.80759886544831,8.471699988876935,8.52763124188641,0.0,97.84396269827178,6.51666259765625,91.32730010061553,98.06365966796875,52.86126893939394,6.088486673374368,15.74929166235961,1.1621623422583216,1.1991314210330455,27.729464017427883,33.21390005258414,,,,,,,,0,,,0,0,0,False,True,0,True,Release,7ce59adfdf279a4ff504d54c65bf200f7fb82b2323c5f18b38619359b46d44ad,0faaa4152ad42873c2edb6965e4311b1572ee6a0eb7150ea3c2f9cb7e6022555
120hz-320x200-organic-15-swiftui-r2,swiftui,organic,15,320,200,120,3.856438998957247,3.756519429351167,46.20347179271277,0.13050660396303604,119.80864161265316,8.476614594110288,8.529997495934367,0.0,97.90362178918087,6.549648708767361,91.35397308041351,98.14178466796875,52.766098484848484,6.090264872027567,16.961458342848346,1.1971227905025326,1.1912608771496342,27.749896709735577,33.19707312950721,,,,,,,,0,,,0,0,0,False,True,0,True,Release,7ce59adfdf279a4ff504d54c65bf200f7fb82b2323c5f18b38619359b46d44ad,0faaa4152ad42873c2edb6965e4311b1572ee6a0eb7150ea3c2f9cb7e6022555
120hz-320x200-organic-15-swiftui-r3,swiftui,organic,15,320,200,120,3.8352033368091756,3.7371197491781243,45.9488629277427,0.13193278643254064,119.80815329069716,8.466970831796061,8.491262919851579,0.0,97.79105446555398,6.655612521701389,91.1354419438526,98.15753173828125,52.70501893939394,6.075696129590173,17.030499991960824,1.1751213502202553,1.2628806272170876,27.588900052584133,33.32459904597356,,,,,,,,0,,,0,0,0,False,True,0,True,Release,7ce59adfdf279a4ff504d54c65bf200f7fb82b2323c5f18b38619359b46d44ad,0faaa4152ad42873c2edb6965e4311b1572ee6a0eb7150ea3c2f9cb7e6022555
120hz-320x200-organic-5-kh-r1,kh,organic,5,320,200,120,3.663051094890511,3.571303161236559,43.88654499745389,2.0360295008977234,119.8087164513485,8.430781241622753,8.478178764344193,0.0,41.52240545099432,6.553120930989583,34.969284520004734,41.7979736328125,45.36789772727273,6.993856904000947,30.531333351973444,1.0992202168143415,1.124881412233259,15.30993182842548,25.79076209435096,0.21508309864647865,0.6023800659527064,3.011900329763532,0.11313559242370767,0.044395733371957735,0.04973284674641347,0.007818926104399783,4795,119.93061175350272,5.0,0,0,0,False,True,0,True,Release,7ce59adfdf279a4ff504d54c65bf200f7fb82b2323c5f18b38619359b46d44ad,0faaa4152ad42873c2edb6965e4311b1572ee6a0eb7150ea3c2f9cb7e6022555
120hz-320x200-organic-5-kh-r2,kh,organic,5,320,200,120,3.7127434827945773,3.614454827786294,44.48268808185022,2.0862990530264565,119.8108306916161,8.427095820661634,8.50216748774983,0.0,41.5215195164536,6.601854112413195,34.91966540404041,41.81365966796875,45.35132575757576,6.9839330808080815,31.407125003170222,1.1776045404104116,1.1875245613481975,15.334092360276442,25.667025052584133,0.21278848634873507,0.6022004517146344,3.011002258573172,0.1122593155776066,0.04329911342237389,0.04937911038461789,0.007850946964136674,4795,119.93064365793329,5.0,0,0,0,False,True,0,True,Release,7ce59adfdf279a4ff504d54c65bf200f7fb82b2323c5f18b38619359b46d44ad,0faaa4152ad42873c2edb6965e4311b1572ee6a0eb7150ea3c2f9cb7e6022555
120hz-320x200-organic-5-kh-r3,kh,organic,5,320,200,120,3.6417904066736186,3.5375562096284034,43.6325509093939,2.0313732195473193,119.81071406371106,8.428343749255873,8.491205834725406,0.0,41.51198878432765,6.549648708767361,34.96234007556029,41.7823486328125,45.41051136363637,6.992468015112058,30.15179166686721,1.248837357784486,1.1519692523856275,15.272672213040865,25.78595440204327,0.2113579510508651,0.6018511300184982,3.0092556500924914,0.11184404772751003,0.04311275624255412,0.04859712374604446,0.007804023334756494,4795,119.93061863523461,5.0,0,0,0,False,True,0,True,Release,7ce59adfdf279a4ff504d54c65bf200f7fb82b2323c5f18b38619359b46d44ad,0faaa4152ad42873c2edb6965e4311b1572ee6a0eb7150ea3c2f9cb7e6022555
120hz-320x200-organic-5-swiftui-r1,swiftui,organic,5,320,200,120,2.659759124087591,2.558712262651183,31.866130160424056,0.10362361033123697,119.80833103206469,8.427793745067902,8.46752415818628,0.0,38.96842817826705,6.587843153211805,32.38058502505524,39.7667236328125,48.62926136363637,6.476117005011048,15.748916688608006,1.2106255824724363,1.1509381503578147,17.24268517127404,17.662156325120193,,,,,,,,0,,,0,0,0,False,True,0,True,Release,7ce59adfdf279a4ff504d54c65bf200f7fb82b2323c5f18b38619359b46d44ad,0faaa4152ad42873c2edb6965e4311b1572ee6a0eb7150ea3c2f9cb7e6022555
120hz-320x200-organic-5-swiftui-r2,swiftui,organic,5,320,200,120,2.5648978102189783,2.468794483586952,30.72977207303349,0.09817509512937549,119.80895281909862,8.42700624052668,8.467063762946054,0.0,39.13894375887784,6.5792236328125,32.55972012606534,39.71990966796875,48.61221590909091,6.511944025213069,14.975041674915701,1.1514038926214827,1.1827998960831352,17.179044283353367,17.599717360276443,,,,,,,,0,,,0,0,0,False,True,0,True,Release,7ce59adfdf279a4ff504d54c65bf200f7fb82b2323c5f18b38619359b46d44ad,0faaa4152ad42873c2edb6965e4311b1572ee6a0eb7150ea3c2f9cb7e6022555
120hz-320x200-organic-5-swiftui-r3,swiftui,organic,5,320,200,120,2.7590333680917625,2.6276440381737727,33.05581254871863,0.11176507680519553,119.80939749047366,8.423072918958496,8.475184579147026,0.0,38.591060754024625,6.568732367621528,32.022328386403096,39.3917236328125,48.57528409090909,6.404465677280619,14.258499984862283,1.5741676454151416,1.1919984405900586,17.174114520733173,17.537156325120193,,,,,,,,0,,,0,0,0,False,True,0,True,Release,7ce59adfdf279a4ff504d54c65bf200f7fb82b2323c5f18b38619359b46d44ad,0faaa4152ad42873c2edb6965e4311b1572ee6a0eb7150ea3c2f9cb7e6022555
120hz-320x200-rainbow-15-kh-r1,kh,rainbow,15,320,200,120,5.020282586027111,4.926119640893081,60.14580336890655,1.9859066731354749,119.80561320653462,8.416185395617504,8.43142874800833,0.0,78.06413315281723,6.589579264322917,71.47455388849431,78.42303466796875,47.01420454545455,4.764970259232954,32.84920833539218,1.1281249383115923,1.2108119466276757,24.912156325120193,56.9723135141226,0.13806415541465908,0.3246414291334614,4.869621437001921,0.06282938827026012,0.02777864651336585,0.04231700564688994,0.005139114984143156,14385,119.93057546984767,15.0,0,0,0,False,True,0,True,Release,7ce59adfdf279a4ff504d54c65bf200f7fb82b2323c5f18b38619359b46d44ad,0faaa4152ad42873c2edb6965e4311b1572ee6a0eb7150ea3c2f9cb7e6022555
120hz-320x200-rainbow-15-kh-r2,kh,rainbow,15,320,200,120,4.8968998957247125,4.79993254853072,58.66763208011421,1.940527242044865,119.80565935467573,8.410916663706303,8.420994596090168,0.0,78.14421312736742,6.5167236328125,71.62748949455492,78.454345703125,47.14820075757576,4.775165966303661,33.71391666587442,1.1617236966450124,1.1544194408360675,24.951880821814903,56.97237454927885,0.13618763161071815,0.32507392249784217,4.8761088374676325,0.061032950978818085,0.027123151994791032,0.04300534109163189,0.0050261875454771475,14385,119.93063990485554,15.0,0,0,0,False,True,0,True,Release,7ce59adfdf279a4ff504d54c65bf200f7fb82b2323c5f18b38619359b46d44ad,0faaa4152ad42873c2edb6965e4311b1572ee6a0eb7150ea3c2f9cb7e6022555
120hz-320x200-rainbow-15-kh-r3,kh,rainbow,15,320,200,120,4.978016684045881,4.8795262603354645,59.64000690971958,1.9692506082319559,119.806763807885,8.414216658275109,8.427482497063465,0.0,78.2138154000947,6.617418077256945,71.59639732283776,78.516845703125,47.10227272727273,4.773093154855851,34.29429169045761,1.1799818930812371,1.0605693204778628,24.97712120643029,57.03487454927885,0.13675269380090113,0.32465997300978955,4.869899595146843,0.06246958340474151,0.027339749280518702,0.041951112387501814,0.004992248728139107,14385,119.93059924194026,15.0,0,0,0,False,True,0,True,Release,7ce59adfdf279a4ff504d54c65bf200f7fb82b2323c5f18b38619359b46d44ad,0faaa4152ad42873c2edb6965e4311b1572ee6a0eb7150ea3c2f9cb7e6022555
120hz-320x200-rainbow-15-swiftui-r1,swiftui,rainbow,15,320,200,120,3.900535974973932,3.7442109090439506,46.73139954045518,0.13358372431010498,119.80763628456856,8.445466686680447,8.49547290476039,0.0,97.88278845584753,6.669440375434028,91.21334808041351,98.25115966796875,53.01704545454545,6.0808898720275675,17.563583358423784,1.8728936641100338,1.185432619767777,26.474656325120193,33.29803466796875,,,,,,,,0,,,0,0,0,False,True,0,True,Release,7ce59adfdf279a4ff504d54c65bf200f7fb82b2323c5f18b38619359b46d44ad,0faaa4152ad42873c2edb6965e4311b1572ee6a0eb7150ea3c2f9cb7e6022555
120hz-320x200-rainbow-15-swiftui-r2,swiftui,rainbow,15,320,200,120,3.900651720542231,3.79959519867262,46.732510158586074,0.12792848508607896,119.80692844858697,8.465897923451848,8.502841264999006,0.0,97.3903642134233,6.506245930989583,90.88411828243372,97.73553466796875,53.04403409090909,6.058941218828915,17.237583320820704,1.2107271484895514,1.2758926946984284,27.725858248197117,33.17904428335336,,,,,,,,0,,,0,0,0,False,True,0,True,Release,7ce59adfdf279a4ff504d54c65bf200f7fb82b2323c5f18b38619359b46d44ad,0faaa4152ad42873c2edb6965e4311b1572ee6a0eb7150ea3c2f9cb7e6022555
120hz-320x200-rainbow-15-swiftui-r3,swiftui,rainbow,15,320,200,120,3.8987768508863403,3.7962738379841134,46.71117078421674,0.13394256167204097,119.80980848800698,8.463129177107476,8.518012082204223,0.0,97.82928466796875,6.554843478732639,91.27444118923611,98.21990966796875,53.05587121212121,6.084962745949074,17.661250021774322,1.2280866345259516,1.192637036441175,26.7042236328125,33.21029428335336,,,,,,,,0,,,0,0,0,False,True,0,True,Release,7ce59adfdf279a4ff504d54c65bf200f7fb82b2323c5f18b38619359b46d44ad,0faaa4152ad42873c2edb6965e4311b1572ee6a0eb7150ea3c2f9cb7e6022555
120hz-320x200-rainbow-5-kh-r1,kh,rainbow,5,320,200,120,3.518602711157456,3.4221417345590273,42.15521362421838,1.481456334782304,119.80668772448962,8.416637500340585,8.45398417004617,0.0,38.314072117660984,6.53228759765625,31.781784520004734,38.5948486328125,45.23910984848485,6.356356904000947,27.66791667090729,1.1556670100927189,1.1765351142490297,14.689739520733173,25.41936786358173,0.2696314562579211,0.3197429963165158,1.598714981582579,0.11545068646778234,0.06656777894836234,0.07516704876038,0.012445942081396426,4795,119.93055732802837,5.0,0,0,0,False,True,0,True,Release,7ce59adfdf279a4ff504d54c65bf200f7fb82b2323c5f18b38619359b46d44ad,0faaa4152ad42873c2edb6965e4311b1572ee6a0eb7150ea3c2f9cb7e6022555
120hz-320x200-rainbow-5-kh-r2,kh,rainbow,5,320,200,120,3.5394994786235663,3.437396672498392,42.40643198399094,1.498073210513192,119.80912058357436,8.409518755797762,8.435889155662153,0.0,38.30365545099432,6.568745930989583,31.734909520004738,38.5792236328125,45.250473484848484,6.346981904000947,28.034333314280957,1.2232847410972298,1.233533469944357,14.81714336688702,25.467444786658653,0.2698205770998494,0.31943896433826036,1.5971948216913017,0.11616929091184912,0.066298227173318,0.07477067271951582,0.012582386295166453,4795,119.93061738377223,5.0,0,0,0,False,True,0,True,Release,7ce59adfdf279a4ff504d54c65bf200f7fb82b2323c5f18b38619359b46d44ad,0faaa4152ad42873c2edb6965e4311b1572ee6a0eb7150ea3c2f9cb7e6022555
120hz-320x200-rainbow-5-kh-r3,kh,rainbow,5,320,200,120,3.537238790406674,3.434321534115194,42.37943004543774,1.4638842541587997,119.80935570528844,8.409720854251646,8.44916792208096,0.0,38.392197117660984,6.67291259765625,31.719284520004734,38.6729736328125,45.26089015151515,6.343856904000947,27.800125011708587,1.233045016723826,1.1671581027026354,14.900076059194712,25.498694786658653,0.2726025895224797,0.31969869652339594,1.5984934826169797,0.11634236180157487,0.06755503104893808,0.07554968706491413,0.013155509607052591,4795,119.93060987674633,5.0,0,0,0,False,True,0,True,Release,7ce59adfdf279a4ff504d54c65bf200f7fb82b2323c5f18b38619359b46d44ad,0faaa4152ad42873c2edb6965e4311b1572ee6a0eb7150ea3c2f9cb7e6022555
120hz-320x200-rainbow-5-swiftui-r1,swiftui,rainbow,5,320,200,120,2.7240198123044843,2.6266590157019847,32.63580623200774,0.09617839737288358,119.80752153339989,8.421041682595387,8.451145410945173,0.0,38.26530317826705,6.73541259765625,31.529890580610797,39.6260986328125,48.79261363636363,6.3059781161221595,15.639083343558013,1.166455573546287,1.1667581380688443,17.15007605919471,17.636915940504807,,,,,,,,0,,,0,0,0,False,True,0,True,Release,7ce59adfdf279a4ff504d54c65bf200f7fb82b2323c5f18b38619359b46d44ad,0faaa4152ad42873c2edb6965e4311b1572ee6a0eb7150ea3c2f9cb7e6022555
120hz-320x200-rainbow-5-swiftui-r2,swiftui,rainbow,5,320,200,120,2.727214807090719,2.6256622824647415,32.67422294980721,0.09399600197367829,119.80802856032717,8.431506248598453,8.468161674099974,0.0,37.8448486328125,6.499301486545139,31.34554714626736,39.2667236328125,48.78693181818182,6.269109429253472,16.073625010903925,1.2166807770762507,1.1465630774466906,17.201819786658653,17.334031325120193,,,,,,,,0,,,0,0,0,False,True,0,True,Release,7ce59adfdf279a4ff504d54c65bf200f7fb82b2323c5f18b38619359b46d44ad,0faaa4152ad42873c2edb6965e4311b1572ee6a0eb7150ea3c2f9cb7e6022555
120hz-320x200-rainbow-5-swiftui-r3,swiftui,rainbow,5,320,200,120,2.748412930135558,2.6451792881240626,32.928140690087595,0.09709958271006933,119.80783647551647,8.42258334014332,8.466946648259182,0.0,37.74778423887311,6.629509819878472,31.118274418994638,39.3760986328125,48.81392045454545,6.223654883798927,15.519083332037553,1.2368199300885208,1.1547681064275168,17.11401836688702,17.463839017427883,,,,,,,,0,,,0,0,0,False,True,0,True,Release,7ce59adfdf279a4ff504d54c65bf200f7fb82b2323c5f18b38619359b46d44ad,0faaa4152ad42873c2edb6965e4311b1572ee6a0eb7150ea3c2f9cb7e6022555
