runID,renderer,mesh,count,width,height,requestedFPS,cpu_ms_per_update,extra_cpu_ms_per_update_over_idle,cpu_percent_one_core,setter_mean_ms,callback_fps,callback_p95_ms,callback_p99_ms,missed_requested_slots_percent,footprint_mb,baseline_footprint_mb,incremental_footprint_mb,peak_footprint_mb,resident_mb,average_extra_footprint_mb_per_view,construction_wall_ms,idle_before_cpu_percent,idle_after_cpu_percent,idle_before_footprint_mb,idle_after_footprint_mb,kh_cpu_wall_ms_per_mesh_draw,kh_gpu_ms_per_mesh_draw,kh_gpu_command_interval_sum_ms_per_update,kh_snapshot_ms_per_mesh_draw,kh_encoding_ms_per_mesh_draw,kh_scheduling_wait_ms_per_mesh_draw,kh_drawable_wait_ms_per_mesh_draw,kh_gpu_samples,kh_presented_fps_per_view,kh_submissions_per_update,idle_after_metal_submissions,gpu_errors,thermal_max,low_power,all_visible,interruptions,instrumented,build,source_sha256,executable_sha256,gradientVariant,randomSeed,uniqueFixtureCount,fixtureSHA256
120hz-152x88-organic-60-kh-r1-seed42,kh,organic,60,152,88,120,24.074896935933143,23.819096498702805,107.97798028975059,12.863212858743752,44.850858791668315,23.42155625083251,24.22312790557044,66.6046511627907,125.78062980405745,6.837965223524305,118.94266458053315,138.64202880859375,58.43901209677419,1.9823777430088858,79.1038750030566,1.147286928906478,1.4739087103436859,25.588961087740383,57.13000957782452,0.14113770897320568,0.27894960531015633,16.73697631860938,0.07834860149555006,0.030256677485423936,0.026825624814539362,0.00570680517769231,21540,44.91120948820491,60.0,0,0,0,False,True,0,True,Release,fc2b29c4c67662ec51d55c8edec31b7cd82755f608ab2e8ef8ca1cb84a938f52,de28b15ce024b5c4295e925024354735bf74a1ae15ea2cfbe2fbde44ba3bd6b3,randomized-per-view,42,60,da4587a967f8928822d7be348c1e2ba64ac129e75354ac336cca9728ce1bf72a
120hz-152x88-organic-60-kh-r1,kh,organic,60,152,88,120,24.210139275766018,23.907204952106838,108.39862377110161,13.056319057866853,44.77406037874676,23.382262475206517,24.940625413728412,66.6046511627907,130.1071029170867,6.659023708767361,123.44807920831934,138.68878173828125,58.236391129032256,2.0574679868053223,69.31662501301616,1.3563599698310917,1.2481948855149363,25.541964017427883,60.10584904597356,0.1404209842369481,0.2736099272900557,16.41659563740334,0.07870715133139532,0.02943604909109052,0.026808902164309364,0.005468881650152897,21540,44.79404747994129,60.0,0,0,0,False,True,0,True,Release,fc2b29c4c67662ec51d55c8edec31b7cd82755f608ab2e8ef8ca1cb84a938f52,de28b15ce024b5c4295e925024354735bf74a1ae15ea2cfbe2fbde44ba3bd6b3,shared-fixture,none,1,eb0e2ba9df1a2550f34a444fac9d1b1176b46bc351c54caf75932b5190999b26
120hz-152x88-organic-60-kh-r2-seed2026,kh,organic,60,152,88,120,24.21274651810585,23.939909273019477,108.45689608670746,12.91820206599956,44.79330587531876,23.331547917041462,25.019137097115163,66.6046511627907,131.30667803364415,7.020195855034722,124.28648217860942,137.36065673828125,58.83719758064516,2.07144136964349,79.12704165210016,1.2221282173332864,1.2466686639513929,24.68742957481971,57.65151742788461,0.1427207946496412,0.2786036810888814,16.716220865332883,0.07807144454666115,0.031564523377133655,0.027520392318589125,0.0055644344072572766,21540,44.817453301656506,60.0,0,0,0,False,True,0,True,Release,fc2b29c4c67662ec51d55c8edec31b7cd82755f608ab2e8ef8ca1cb84a938f52,de28b15ce024b5c4295e925024354735bf74a1ae15ea2cfbe2fbde44ba3bd6b3,randomized-per-view,2026,60,8ebcc37ffa9eb583b0732f99d52605d00816d68f0e2ba50b78d6a6a33511cb5e
120hz-152x88-organic-60-kh-r2,kh,organic,60,152,88,120,23.974922222222222,23.720730586442368,107.60634843169467,12.854726504722041,44.882876963811356,23.652183343074284,24.024125829455443,66.60482374768088,129.3454990386963,6.792704264322917,122.55279477437337,140.26690673828125,57.9892578125,2.0425465795728894,78.18537502316758,1.1408851913937148,1.216606132296808,24.2823486328125,58.00128173828125,0.13943141780247162,0.27958695023429486,16.77521701405769,0.07789977817689457,0.029443670814712445,0.026543244549194007,0.0055447242616705975,21600,44.9661226765879,60.0,0,0,0,False,True,0,True,Release,fc2b29c4c67662ec51d55c8edec31b7cd82755f608ab2e8ef8ca1cb84a938f52,de28b15ce024b5c4295e925024354735bf74a1ae15ea2cfbe2fbde44ba3bd6b3,shared-fixture,none,1,eb0e2ba9df1a2550f34a444fac9d1b1176b46bc351c54caf75932b5190999b26
120hz-152x88-organic-60-kh-r3-seed8675309,kh,organic,60,152,88,120,23.47523097826087,23.29455028904489,107.71622550084183,12.815240149037614,45.88505459247322,23.451237491099164,24.010310832527466,66.60617059891108,128.50384521484375,6.739006890190972,121.76483832465277,135.65765380859375,58.8349609375,2.0294139720775464,78.53470832924359,0.829054328848121,0.9496503669308259,24.366605318509617,53.4989999624399,0.13401339838046755,0.27442613801489957,16.465568280893976,0.0761416761343898,0.027989088963901548,0.026249160384685492,0.0036334728974907193,22080,45.94419099442775,60.0,0,0,0,False,True,0,True,Release,fc2b29c4c67662ec51d55c8edec31b7cd82755f608ab2e8ef8ca1cb84a938f52,de28b15ce024b5c4295e925024354735bf74a1ae15ea2cfbe2fbde44ba3bd6b3,randomized-per-view,8675309,60,624a6d2d96219fb072d269258e1ff263dac8b9482cc4bd4dd5a4c10c8b0e405f
120hz-152x88-organic-60-kh-r3,kh,organic,60,152,88,120,23.93296961325967,23.672664974907992,108.04442122127205,12.856399516307476,45.14459466050206,23.466916667530313,23.946641670772806,66.60516605166052,126.31474876403809,6.834370930989583,119.48037783304851,139.01690673828125,58.2099609375,1.9913396305508084,79.40400001825765,1.1751347386634952,1.0461760536872968,24.20061786358173,59.41834904597356,0.13931505327926808,0.2762528314238241,16.575169885429446,0.07778464739838431,0.029378520224543982,0.026835451174806547,0.005316434481533237,21720,45.193059806507954,60.0,0,0,0,False,True,0,True,Release,fc2b29c4c67662ec51d55c8edec31b7cd82755f608ab2e8ef8ca1cb84a938f52,de28b15ce024b5c4295e925024354735bf74a1ae15ea2cfbe2fbde44ba3bd6b3,shared-fixture,none,1,eb0e2ba9df1a2550f34a444fac9d1b1176b46bc351c54caf75932b5190999b26
120hz-152x88-organic-60-swiftui-r1-seed42,swiftui,organic,60,152,88,120,3.323615384615385,3.2007539872517587,39.403863676917766,0.15266398849329854,118.55723095793064,8.414620820258278,15.349651662690958,1.6580310880829014,74.73973499644886,6.86041259765625,67.87932239879261,85.2823486328125,50.121212121212125,1.131322039979877,22.77541666990146,1.456610706305358,1.1763157958285273,43.70782940204327,30.97345440204327,,,,,,,,0,,,0,0,0,False,True,0,True,Release,fc2b29c4c67662ec51d55c8edec31b7cd82755f608ab2e8ef8ca1cb84a938f52,de28b15ce024b5c4295e925024354735bf74a1ae15ea2cfbe2fbde44ba3bd6b3,randomized-per-view,42,60,da4587a967f8928822d7be348c1e2ba64ac129e75354ac336cca9728ce1bf72a
120hz-152x88-organic-60-swiftui-r1,swiftui,organic,60,152,88,120,3.388398099260823,3.291808712427518,40.08682486923757,0.15382660134157525,118.30612488533293,8.420145823038183,16.60613541753264,2.2703818369453046,81.98878802675189,6.756245930989583,75.23254209576231,97.6885986328125,49.89251893939394,1.2538757015960384,23.680250014876947,1.1427116061298728,1.1562489774197173,43.55758901742789,38.30879094050481,,,,,,,,0,,,0,0,0,False,True,0,True,Release,fc2b29c4c67662ec51d55c8edec31b7cd82755f608ab2e8ef8ca1cb84a938f52,de28b15ce024b5c4295e925024354735bf74a1ae15ea2cfbe2fbde44ba3bd6b3,shared-fixture,none,1,eb0e2ba9df1a2550f34a444fac9d1b1176b46bc351c54caf75932b5190999b26
120hz-152x88-organic-60-swiftui-r2-seed2026,swiftui,organic,60,152,88,120,3.3513499999999996,3.246542454050604,39.35562376348686,0.15199197663063618,117.43215051691665,8.417266645119525,16.668015007744543,2.792140641158221,81.798095703125,6.803181966145833,74.99491373697917,98.813720703125,50.11647727272727,1.249915228949653,23.73808334232308,1.2307775511238073,1.1807345205330901,43.438720703125,38.64424954927885,,,,,,,,0,,,0,0,0,False,True,0,True,Release,fc2b29c4c67662ec51d55c8edec31b7cd82755f608ab2e8ef8ca1cb84a938f52,de28b15ce024b5c4295e925024354735bf74a1ae15ea2cfbe2fbde44ba3bd6b3,randomized-per-view,2026,60,8ebcc37ffa9eb583b0732f99d52605d00816d68f0e2ba50b78d6a6a33511cb5e
120hz-152x88-organic-60-swiftui-r2,swiftui,organic,60,152,88,120,3.376620507399577,3.276582044046122,39.90579950794913,0.153195735753315,118.1826605047827,8.418383332900703,16.60446333233267,2.5746652935118437,81.54844711766098,6.756245930989583,74.7922011866714,82.3760986328125,49.859375,1.2465366864445235,22.6974583347328,1.1822811751921498,1.1844383669116287,43.18980055588942,31.788358248197117,,,,,,,,0,,,0,0,0,False,True,0,True,Release,fc2b29c4c67662ec51d55c8edec31b7cd82755f608ab2e8ef8ca1cb84a938f52,de28b15ce024b5c4295e925024354735bf74a1ae15ea2cfbe2fbde44ba3bd6b3,shared-fixture,none,1,eb0e2ba9df1a2550f34a444fac9d1b1176b46bc351c54caf75932b5190999b26
120hz-152x88-organic-60-swiftui-r3-seed8675309,swiftui,organic,60,152,88,120,3.3494240837696334,3.225721592622855,39.961060026897236,0.15468416240002902,119.30725709096467,8.422208338743076,12.772434996441007,1.4447884416924663,85.11712276574337,6.799648708767361,78.31747405697601,101.5323486328125,50.31676136363637,1.3052912342829335,22.471458330983296,1.4758604914041524,1.5602566984162949,43.37730055588942,37.67904428335336,,,,,,,,0,,,0,0,0,False,True,0,True,Release,fc2b29c4c67662ec51d55c8edec31b7cd82755f608ab2e8ef8ca1cb84a938f52,de28b15ce024b5c4295e925024354735bf74a1ae15ea2cfbe2fbde44ba3bd6b3,randomized-per-view,8675309,60,624a6d2d96219fb072d269258e1ff263dac8b9482cc4bd4dd5a4c10c8b0e405f
120hz-152x88-organic-60-swiftui-r3,swiftui,organic,60,152,88,120,3.2997972831765936,3.232781273598476,39.45172710144729,0.15288871499372095,119.55803255728657,8.42413541249698,12.333308333472825,0.9316770186335404,79.03613651160038,6.678120930989583,72.3580155806108,82.0010986328125,49.937026515151516,1.2059669263435133,22.38612499786541,0.8012302254999996,0.8233256041977773,43.14773324819711,31.725858248197117,,,,,,,,0,,,0,0,0,False,True,0,True,Release,fc2b29c4c67662ec51d55c8edec31b7cd82755f608ab2e8ef8ca1cb84a938f52,de28b15ce024b5c4295e925024354735bf74a1ae15ea2cfbe2fbde44ba3bd6b3,shared-fixture,none,1,eb0e2ba9df1a2550f34a444fac9d1b1176b46bc351c54caf75932b5190999b26
