runID,renderer,mesh,count,width,height,requestedFPS,cpu_ms_per_update,extra_cpu_ms_per_update_over_idle,cpu_percent_one_core,setter_mean_ms,callback_fps,callback_p95_ms,callback_p99_ms,missed_requested_slots_percent,footprint_mb,baseline_footprint_mb,incremental_footprint_mb,peak_footprint_mb,resident_mb,average_extra_footprint_mb_per_view,construction_wall_ms,idle_before_cpu_percent,idle_after_cpu_percent,idle_before_footprint_mb,idle_after_footprint_mb,kh_cpu_wall_ms_per_mesh_draw,kh_gpu_ms_per_mesh_draw,kh_gpu_equal_share_ms_per_mesh_draw,kh_command_buffers_per_update,kh_render_passes_per_update,kh_gpu_command_interval_sum_ms_per_update,kh_snapshot_ms_per_mesh_draw,kh_encoding_ms_per_mesh_draw,kh_scheduling_wait_ms_per_mesh_draw,kh_drawable_wait_ms_per_mesh_draw,kh_gpu_samples,kh_presented_fps_per_view,kh_submissions_per_update,idle_after_metal_submissions,gpu_errors,thermal_max,low_power,all_visible,interruptions,instrumented,build,source_sha256,executable_sha256,stage,fixture_sha256
120hz-152x88-organic-60-kh-r1-seed42,kh,organic,60,152,88,120,20.98411778846154,20.364287851867577,109.08504605764959,9.811855970418456,51.984575743104045,21.05117081082426,21.27123580663465,52.34822451317297,119.012451171875,6.363884819878472,112.64856635199652,126.282470703125,56.61328125,1.8774761058666087,76.8332916777581,3.2221596286712084,1.3213471630321483,24.331627478966347,58.65506685697115,0.13961733427724818,0.2542348372863228,,60.0,60.0,15.254090237179367,0.07872578941644931,0.028994878492738234,0.026900816262171317,0.0049958501058893325,24960,51.98027277682744,60.0,0,0,0,False,True,0,True,Release,ed3feff5c281fe108c592e6febd21b2a8753b147acf28c795c724b199bf22c57,90a421efbc223490b5ad7c5717ed8e08fe581f627ef05ba8d8e9ef420620bf7e,Original,da4587a967f8928822d7be348c1e2ba64ac129e75354ac336cca9728ce1bf72a
120hz-152x88-organic-60-kh-r2-seed42,kh,organic,60,152,88,120,20.307420323325633,20.055595799259795,109.79367584463667,9.569100654354926,54.06579176308513,20.34341247926932,20.656319146510214,49.94219653179191,125.37823486328125,6.889987521701389,118.48824734157986,133.39190673828125,56.8369140625,1.9748041223596644,77.83095835475251,1.361509227898155,1.4324878465030815,26.076819786658653,60.57820481520433,0.13317972328173308,0.24857422240550564,,60.0,60.0,14.914453344330338,0.07524190890128503,0.027386624210286856,0.02679514064045954,0.003756049529701655,25980,54.13787082920269,60.0,0,0,0,False,True,0,True,Release,ed3feff5c281fe108c592e6febd21b2a8753b147acf28c795c724b199bf22c57,90a421efbc223490b5ad7c5717ed8e08fe581f627ef05ba8d8e9ef420620bf7e,Original,da4587a967f8928822d7be348c1e2ba64ac129e75354ac336cca9728ce1bf72a
120hz-152x88-organic-60-kh-r3-seed42,kh,organic,60,152,88,120,20.441265116279066,20.077460354726743,109.69161039121309,9.624517248634811,53.66185007006078,20.037025038618594,20.775361673440784,50.11600928074246,123.96471214294434,6.959431966145833,117.00528017679851,140.6107177734375,57.38623046875,1.9500880029466419,75.39999997243285,1.952243656919499,1.2354274823174107,26.13337120643029,56.67802546574519,0.1347934383138213,0.2490097009838566,,60.0,60.0,14.940582059031396,0.07614114370951501,0.027929008229953315,0.02683660693650762,0.003886679437845339,25800,53.705842677908336,60.0,0,0,0,False,True,0,True,Release,ed3feff5c281fe108c592e6febd21b2a8753b147acf28c795c724b199bf22c57,90a421efbc223490b5ad7c5717ed8e08fe581f627ef05ba8d8e9ef420620bf7e,Original,da4587a967f8928822d7be348c1e2ba64ac129e75354ac336cca9728ce1bf72a
120hz-152x88-organic-60-swiftui-r1-seed42,swiftui,organic,60,152,88,120,3.380057591623037,3.276079691129713,40.32631057091702,0.15573054101045064,119.30657829872396,8.410425012698397,9.213592088199237,0.6243496357960457,75.74405739524148,6.959431966145833,68.78462542909566,100.87615966796875,50.05776515151515,1.1464104238182609,42.241708375513554,1.2405247526543701,1.2291494508293006,43.38096736027644,37.53721736027644,,,,,,,,,,,0,,,0,0,0,False,True,0,True,Release,ed3feff5c281fe108c592e6febd21b2a8753b147acf28c795c724b199bf22c57,90a421efbc223490b5ad7c5717ed8e08fe581f627ef05ba8d8e9ef420620bf7e,Original,da4587a967f8928822d7be348c1e2ba64ac129e75354ac336cca9728ce1bf72a
120hz-152x88-organic-60-swiftui-r2-seed42,swiftui,organic,60,152,88,120,3.389786610878661,3.290524847322576,40.484430654556576,0.158902196672445,119.43061703244699,8.42100833542645,12.618492470355713,1.1375387797311272,86.2028642134233,6.839579264322917,79.36328494910038,100.79803466796875,50.333333333333336,1.3227214158183396,23.231791623402387,1.1854893669232065,1.2396736724266473,43.7354736328125,32.4050058218149,,,,,,,,,,,0,,,0,0,0,False,True,0,True,Release,ed3feff5c281fe108c592e6febd21b2a8753b147acf28c795c724b199bf22c57,90a421efbc223490b5ad7c5717ed8e08fe581f627ef05ba8d8e9ef420620bf7e,Original,da4587a967f8928822d7be348c1e2ba64ac129e75354ac336cca9728ce1bf72a
120hz-152x88-organic-60-swiftui-r3-seed42,swiftui,organic,60,152,88,120,3.374230605738576,3.2739563370020632,39.66674481311321,0.15632713368948348,117.55789525959408,8.418397905188613,16.668907490675338,3.28879753340185,86.4292510061553,6.975056966145833,79.45419404000947,100.735595703125,50.26704545454545,1.324236567333491,24.643416691105813,1.1788031981359284,1.2007958829359895,43.84851543719952,37.69593224158654,,,,,,,,,,,0,,,0,0,0,False,True,0,True,Release,ed3feff5c281fe108c592e6febd21b2a8753b147acf28c795c724b199bf22c57,90a421efbc223490b5ad7c5717ed8e08fe581f627ef05ba8d8e9ef420620bf7e,Original,da4587a967f8928822d7be348c1e2ba64ac129e75354ac336cca9728ce1bf72a
120hz-152x88-organic-60-kh-r1-seed42,kh,organic,60,152,88,120,5.451093847758081,5.341857550429996,65.31178904102269,0.37539685562610375,119.81409761984568,8.42278749041725,8.52587703964673,0.0,68.8544404000947,6.777140299479167,62.07730010061554,70.063720703125,51.00473484848485,1.0346216683435923,33.98304170696065,1.308804839169776,1.1878388694746607,25.16462120643029,53.32453801081731,0.04420348003528997,,0.09534512222027497,1.0000000000000233,60.0,5.720707333216498,0.0005363501041631034,0.02358146933197773,0.015161410175811942,0.004924250423337204,57540,119.93042220271538,60.0,0,0,0,False,True,0,True,Release,9b499fc915385c90c90db49f62562bee85c6db9ea87ed9da567cb046c923930a,a869a8e4ece591948cadce7c14a3957f433e561cf8dc09d2aaee2498cb907d9b,Command batching,da4587a967f8928822d7be348c1e2ba64ac129e75354ac336cca9728ce1bf72a
120hz-152x88-organic-60-kh-r2-seed42,kh,organic,60,152,88,120,5.482713242961418,5.385736799285564,65.68785459880311,0.3662216296221389,119.80902828199464,8.438543768716045,8.490486219525337,0.0,69.57893325343277,6.874423556857639,62.70450969657513,71.68878173828125,51.21164772727273,1.0450751616095855,35.295916663017124,1.1618653483047647,1.1995738869065562,25.283672626201923,53.45440673828125,0.04484448714454023,,0.09576861892502657,1.0000000000000233,60.0,5.746117135501594,0.0005361523903206478,0.023265126383870512,0.016132043632100856,0.004911164738248217,57540,119.93042908398854,60.0,0,0,0,False,True,0,True,Release,9b499fc915385c90c90db49f62562bee85c6db9ea87ed9da567cb046c923930a,a869a8e4ece591948cadce7c14a3957f433e561cf8dc09d2aaee2498cb907d9b,Command batching,da4587a967f8928822d7be348c1e2ba64ac129e75354ac336cca9728ce1bf72a
120hz-152x88-organic-60-kh-r3-seed42,kh,organic,60,152,88,120,5.414961418143899,5.315757758654859,64.87744873284646,0.3593988525773456,119.81146996811786,8.437297961791046,8.505310007603839,0.0,69.46328088008997,6.683329264322917,62.779951615767054,72.93865966796875,51.62831439393939,1.046332526929451,35.78433330403641,1.188573626959852,1.159509135241695,24.16576209435096,53.40140005258414,0.045163341049139945,,0.09527935783222909,1.0000000000000233,60.0,5.716761469933745,0.0005455313793936764,0.023432581204445798,0.016276750969603383,0.004908477495697016,57540,119.9304372167211,60.0,0,0,0,False,True,0,True,Release,9b499fc915385c90c90db49f62562bee85c6db9ea87ed9da567cb046c923930a,a869a8e4ece591948cadce7c14a3957f433e561cf8dc09d2aaee2498cb907d9b,Command batching,da4587a967f8928822d7be348c1e2ba64ac129e75354ac336cca9728ce1bf72a
120hz-152x88-organic-60-swiftui-r1-seed42,swiftui,organic,60,152,88,120,3.3480730932203393,3.2450344460787126,39.48438047916484,0.15942646428287596,117.93165614908023,8.416787453461438,16.609817502321675,2.5799793601651184,78.40887266216856,6.851793077256945,71.55707958491162,86.610595703125,50.14725378787879,1.1926179930818603,23.594666679855436,1.2151518304772666,1.2804984099156251,43.77039043719952,53.76323993389423,,,,,,,,,,,0,,,0,0,0,False,True,0,True,Release,9b499fc915385c90c90db49f62562bee85c6db9ea87ed9da567cb046c923930a,a869a8e4ece591948cadce7c14a3957f433e561cf8dc09d2aaee2498cb907d9b,Command batching,da4587a967f8928822d7be348c1e2ba64ac129e75354ac336cca9728ce1bf72a
120hz-152x88-organic-60-swiftui-r2-seed42,swiftui,organic,60,152,88,120,3.3691951476793247,3.263224080633643,39.902608726087216,0.16612816444315204,118.43365248098443,8.414195821387693,16.60138831823133,1.25,73.13604181463069,6.879509819878472,66.25653199475221,100.5635986328125,49.9375,1.1042755332458702,20.47087496612221,1.2550540527527354,1.149157485955466,43.71263709435096,30.897733248197117,,,,,,,,,,,0,,,0,0,0,False,True,0,True,Release,9b499fc915385c90c90db49f62562bee85c6db9ea87ed9da567cb046c923930a,a869a8e4ece591948cadce7c14a3957f433e561cf8dc09d2aaee2498cb907d9b,Command batching,da4587a967f8928822d7be348c1e2ba64ac129e75354ac336cca9728ce1bf72a
120hz-152x88-organic-60-swiftui-r3-seed42,swiftui,organic,60,152,88,120,3.401568565400843,3.304581159898485,40.285703122369085,0.1628825591188435,118.43272404424336,8.416529186069965,16.59233247861266,2.066115702479339,78.11574300130208,6.770195855034722,71.34554714626735,84.98553466796875,49.89157196969697,1.1890924524377893,22.7301666745916,1.1486482631627963,1.2888915011659292,43.37135197566106,47.08289043719952,,,,,,,,,,,0,,,0,0,0,False,True,0,True,Release,9b499fc915385c90c90db49f62562bee85c6db9ea87ed9da567cb046c923930a,a869a8e4ece591948cadce7c14a3957f433e561cf8dc09d2aaee2498cb907d9b,Command batching,da4587a967f8928822d7be348c1e2ba64ac129e75354ac336cca9728ce1bf72a
120hz-152x88-organic-60-kh-r1-uninstrumented-seed42,kh,organic,60,152,88,120,5.34346819603754,5.236308110929807,64.01972618523122,0.36361474720800024,119.80931454351163,8.456531260162592,8.50359876116272,0.0,68.52672784978694,6.697218153211805,61.82950969657513,69.07928466796875,50.55350378787879,1.030491828276252,33.22866669623181,1.2838776343181835,1.183651098223834,25.16456017127404,52.91702505258414,,,,,,,,,,,0,,60.0,0,0,0,False,True,0,False,Release,9b499fc915385c90c90db49f62562bee85c6db9ea87ed9da567cb046c923930a,a869a8e4ece591948cadce7c14a3957f433e561cf8dc09d2aaee2498cb907d9b,"Command batching, diagnostics off",da4587a967f8928822d7be348c1e2ba64ac129e75354ac336cca9728ce1bf72a
120hz-152x88-organic-60-kh-r2-uninstrumented-seed42,kh,organic,60,152,88,120,5.3806913451512,5.2809298018353,64.46468210538437,0.35967235793325586,119.80743359954407,8.459060455788858,8.512615843792446,0.0,69.69197406190814,6.761454264322917,62.93051979758523,73.37615966796875,51.79024621212121,1.0488419966264204,35.279541625641286,1.195217447660773,1.183658929963218,25.14526836688702,53.49515005258414,,,,,,,,,,,0,,60.0,0,0,0,False,True,0,False,Release,9b499fc915385c90c90db49f62562bee85c6db9ea87ed9da567cb046c923930a,a869a8e4ece591948cadce7c14a3957f433e561cf8dc09d2aaee2498cb907d9b,"Command batching, diagnostics off",da4587a967f8928822d7be348c1e2ba64ac129e75354ac336cca9728ce1bf72a
120hz-152x88-organic-60-kh-r3-uninstrumented-seed42,kh,organic,60,152,88,120,5.395614181438998,5.295003859404073,64.64540233504134,0.3611562376996314,119.81101717284119,8.446785397245549,8.512069170246832,0.0,69.72890588008997,6.905551486545139,62.82335439354483,74.59490966796875,52.10227272727273,1.0470559065590805,34.5497916569002,1.2054225021091483,1.5697523203678405,25.147672213040867,53.62615966796875,,,,,,,,,,,0,,60.0,0,0,0,False,True,0,False,Release,9b499fc915385c90c90db49f62562bee85c6db9ea87ed9da567cb046c923930a,a869a8e4ece591948cadce7c14a3957f433e561cf8dc09d2aaee2498cb907d9b,"Command batching, diagnostics off",da4587a967f8928822d7be348c1e2ba64ac129e75354ac336cca9728ce1bf72a
120hz-152x88-organic-60-kh-r1-seed42,kh,organic,60,152,88,120,4.644386861313868,4.537923653194034,55.64431612265663,0.31230439530535986,119.8098215851795,8.434074959950522,8.501210829126649,0.0,75.21665630918561,7.041029188368055,68.17562712081755,75.360595703125,49.161458333333336,1.136260452013626,34.2500833212398,1.2755337970223166,1.1533000439595074,24.737938514122597,52.96275916466346,0.031367059133072514,,0.10502169867796224,1.0000000000000233,8.0,6.3013019206777345,0.0005601660670488581,0.012014160440719355,0.014528165913960988,0.004264566711343366,57540,119.93042533136119,60.0,0,0,0,False,True,0,True,Release,5657be23e6d87078c63b2130ecb351409d4864b124652657836c8eb045ea4f40,542d01cf38aa3bc835b6ea158514110cfcabb4fce235b49ef41f03be15ec7e8c,Optimized MRT,da4587a967f8928822d7be348c1e2ba64ac129e75354ac336cca9728ce1bf72a
120hz-152x88-organic-60-kh-r2-seed42,kh,organic,60,152,88,120,4.592836287799792,4.494702598966935,55.02549547214709,0.30252515605181785,119.80722156005079,8.438922904315405,8.484377504792064,0.0,75.29235284978694,6.995829264322917,68.29652358546402,75.70428466796875,49.20028409090909,1.138275393091067,35.22229165537283,1.1757124600503193,1.285121372111634,25.010714017427883,53.26317889873798,0.030515978671747893,,0.10639559873610402,1.0000000000000233,8.0,6.383735924166241,0.000550045491739082,0.01184045737169016,0.014144180855721226,0.003981294952597447,57540,119.9304372167211,60.0,0,0,0,False,True,0,True,Release,5657be23e6d87078c63b2130ecb351409d4864b124652657836c8eb045ea4f40,542d01cf38aa3bc835b6ea158514110cfcabb4fce235b49ef41f03be15ec7e8c,Optimized MRT,da4587a967f8928822d7be348c1e2ba64ac129e75354ac336cca9728ce1bf72a
120hz-152x88-organic-60-kh-r3-seed42,kh,organic,60,152,88,120,4.696851929092805,4.586927784817854,56.272495510792574,0.32343574098191913,119.8089621736523,8.408191640046425,8.449307112023234,0.0,76.0309892134233,7.082634819878472,68.94835439354482,78.90740966796875,49.90625,1.1491392398924136,34.38991669099778,1.3169897643408754,1.112487730316074,25.135714017427883,54.05885197566106,0.03110118107273779,,0.10783889904684785,1.0000000000000233,8.0,6.470333942810871,0.0005668078383384223,0.012051419312164172,0.014091979481885513,0.004390974440349691,57540,119.9304509792717,60.0,0,0,0,False,True,0,True,Release,5657be23e6d87078c63b2130ecb351409d4864b124652657836c8eb045ea4f40,542d01cf38aa3bc835b6ea158514110cfcabb4fce235b49ef41f03be15ec7e8c,Optimized MRT,da4587a967f8928822d7be348c1e2ba64ac129e75354ac336cca9728ce1bf72a
120hz-152x88-organic-60-swiftui-r1-seed42,swiftui,organic,60,152,88,120,3.3776396206533197,3.2721914378877637,40.044790920693174,0.16032591408405167,118.55850658498467,8.414527075365186,15.445561259984903,1.453790238836968,81.329345703125,7.034145779079861,74.29519992404514,100.844970703125,50.27651515151515,1.238253332067419,23.729458334855735,1.2501779070784873,1.2161004206118236,43.57814378004808,32.52646108774039,,,,,,,,,,,0,,,0,0,0,False,True,0,True,Release,5657be23e6d87078c63b2130ecb351409d4864b124652657836c8eb045ea4f40,542d01cf38aa3bc835b6ea158514110cfcabb4fce235b49ef41f03be15ec7e8c,Optimized MRT,da4587a967f8928822d7be348c1e2ba64ac129e75354ac336cca9728ce1bf72a
120hz-152x88-organic-60-swiftui-r2-seed42,swiftui,organic,60,152,88,120,3.3556364594309795,3.2586001745689064,39.783846032672415,0.1539937200886369,118.55827207044538,8.415929204784334,14.106925810337996,1.861427094105481,77.04140588008997,7.237209743923611,69.80419613616635,85.45428466796875,50.26467803030303,1.1634032689361058,23.650833347346634,1.150445426138295,1.1584905911229395,44.04316594050481,39.15019812950721,,,,,,,,,,,0,,,0,0,0,False,True,0,True,Release,5657be23e6d87078c63b2130ecb351409d4864b124652657836c8eb045ea4f40,542d01cf38aa3bc835b6ea158514110cfcabb4fce235b49ef41f03be15ec7e8c,Optimized MRT,da4587a967f8928822d7be348c1e2ba64ac129e75354ac336cca9728ce1bf72a
120hz-152x88-organic-60-swiftui-r3-seed42,swiftui,organic,60,152,88,120,3.420586794462194,3.3127336780190326,40.12624714802615,0.15635698414095245,117.30808062812233,8.429924989468418,16.678885429282673,2.8955532574974145,86.10491388494319,7.014987521701389,79.0899263632418,100.813720703125,50.13920454545455,1.3181654393873634,22.067708370741457,1.2652042079708612,1.361817867321814,43.16588416466346,32.09617262620192,,,,,,,,,,,0,,,0,0,0,False,True,0,True,Release,5657be23e6d87078c63b2130ecb351409d4864b124652657836c8eb045ea4f40,542d01cf38aa3bc835b6ea158514110cfcabb4fce235b49ef41f03be15ec7e8c,Optimized MRT,da4587a967f8928822d7be348c1e2ba64ac129e75354ac336cca9728ce1bf72a
120hz-152x88-organic-60-kh-r1-uninstrumented-seed42,kh,organic,60,152,88,120,4.502873826903024,4.400146832997229,53.949219153764496,0.3238007474454689,119.81063922208443,8.390514602069743,8.430637107230723,0.0,75.86769797585227,6.9073486328125,68.96034934303977,78.844970703125,49.912405303030305,1.1493391557173294,33.563375007361174,1.2307786805216496,1.2115446235919294,24.838900052584133,53.77285531850961,,,,,,,,,,,0,,60.0,0,0,0,False,True,0,False,Release,5657be23e6d87078c63b2130ecb351409d4864b124652657836c8eb045ea4f40,542d01cf38aa3bc835b6ea158514110cfcabb4fce235b49ef41f03be15ec7e8c,"Optimized MRT, diagnostics off",da4587a967f8928822d7be348c1e2ba64ac129e75354ac336cca9728ce1bf72a
120hz-152x88-organic-60-kh-r2-uninstrumented-seed42,kh,organic,60,152,88,120,4.506987486965589,4.410094489021533,53.998226617747335,0.3060758163267795,119.81002115917259,8.439539576647803,8.468059583101422,0.0,75.38711085464016,7.027140299479167,68.35997055516098,75.704345703125,49.21448863636363,1.1393328425860163,34.41891667898744,1.1608752133853104,1.1438067533176144,25.05164043719952,53.59617262620192,,,,,,,,,,,0,,60.0,0,0,0,False,True,0,False,Release,5657be23e6d87078c63b2130ecb351409d4864b124652657836c8eb045ea4f40,542d01cf38aa3bc835b6ea158514110cfcabb4fce235b49ef41f03be15ec7e8c,"Optimized MRT, diagnostics off",da4587a967f8928822d7be348c1e2ba64ac129e75354ac336cca9728ce1bf72a
120hz-152x88-organic-60-kh-r3-uninstrumented-seed42,kh,organic,60,152,88,120,4.437809176225235,4.3406299910890835,53.168878033219755,0.3110520934129602,119.80884243077072,8.432527078548446,8.465568323736079,0.0,75.21091345584753,7.008043077256945,68.20287037859059,75.68865966796875,49.196969696969695,1.1367145063098432,35.222999984398484,1.1642925679527758,1.1282796750235349,25.005906325120193,53.59130389873798,,,,,,,,,,,0,,60.0,0,0,0,False,True,0,False,Release,5657be23e6d87078c63b2130ecb351409d4864b124652657836c8eb045ea4f40,542d01cf38aa3bc835b6ea158514110cfcabb4fce235b49ef41f03be15ec7e8c,"Optimized MRT, diagnostics off",da4587a967f8928822d7be348c1e2ba64ac129e75354ac336cca9728ce1bf72a
