runID,renderer,mesh,count,width,height,requestedFPS,cpu_ms_per_update,extra_cpu_ms_per_update_over_idle,cpu_percent_one_core,setter_mean_ms,callback_fps,callback_p95_ms,callback_p99_ms,missed_requested_slots_percent,footprint_mb,baseline_footprint_mb,incremental_footprint_mb,peak_footprint_mb,resident_mb,average_extra_footprint_mb_per_view,construction_wall_ms,idle_before_cpu_percent,idle_after_cpu_percent,idle_before_footprint_mb,idle_after_footprint_mb,kh_cpu_wall_ms_per_mesh_draw,kh_gpu_ms_per_mesh_draw,kh_gpu_equal_share_ms_per_mesh_draw,kh_command_buffers_per_update,kh_render_passes_per_update,kh_gpu_command_interval_sum_ms_per_update,kh_snapshot_ms_per_mesh_draw,kh_encoding_ms_per_mesh_draw,kh_scheduling_wait_ms_per_mesh_draw,kh_drawable_wait_ms_per_mesh_draw,kh_gpu_samples,kh_presented_fps_per_view,kh_submissions_per_update,idle_after_metal_submissions,gpu_errors,thermal_max,low_power,all_visible,interruptions,instrumented,build,source_sha256,executable_sha256,stage,geometry,gpu_batch_envelope_ms,triangles_per_update,last_density_histogram
120hz-152x88-organic-60-kh-r1-adaptive-seed42,kh,organic,60,152,88,120,4.89877267987487,4.8012845857578075,58.690792223386104,0.4053762167662079,119.80713549844745,8.422356290975586,8.487877506413497,0.0,57.44948878432765,6.961107042100695,50.488381742226956,57.7667236328125,48.671875,0.841473029037116,36.02220834000036,1.1679769301368317,1.2944379637872963,24.965040940504807,51.71864670973558,0.03082441559010748,,0.030650178141570533,1.0000000000000233,8.0,1.8390106884942319,0.000608655460252335,0.012671138928911165,0.012344420525942323,0.005200200675001649,57540,119.93045911200721,60.0,0,0,0,False,True,0,True,Release,ed9a29634800cc32cdf05548c6e204385f274363fe833228f404fca87e39c994,e7c4a00fc5b92e508dc44eb6836216e7a7bdf8a65476823a686870f6f6cb4c4f,Adaptive,adaptive-geometry-in-framebuffer-pixels,1.8390106884942319,318009.6600625652,"{'16': 56, '32': 4}"
120hz-152x88-organic-60-kh-r2-adaptive-seed42,kh,organic,60,152,88,120,4.8937914494264865,4.794707615025482,58.63244971275648,0.38021945605070034,119.80986586510085,8.427964596194215,8.481947929249145,0.0,58.07732969341856,7.018398708767361,51.0589309846512,60.9073486328125,49.08049242424242,0.8509821830775199,38.05020829895511,1.18712209089842,1.2045599795216484,24.39887413611779,52.04076209435096,0.03212165816483597,,0.03093063955877954,1.0000000000000233,8.0,1.8558383735267723,0.0005985714716035297,0.013015236528956118,0.013419291668595491,0.0050885584956808045,57540,119.9304772537968,60.0,0,0,0,False,True,0,True,Release,ed9a29634800cc32cdf05548c6e204385f274363fe833228f404fca87e39c994,e7c4a00fc5b92e508dc44eb6836216e7a7bdf8a65476823a686870f6f6cb4c4f,Adaptive,adaptive-geometry-in-framebuffer-pixels,1.8558383735267723,318024.0750782065,"{'16': 56, '32': 4}"
120hz-152x88-organic-60-kh-r3-adaptive-seed42,kh,organic,60,152,88,120,4.8935422314911365,4.78320432531603,58.62972905267174,0.3776965578226518,119.81040783785446,8.436629158677533,8.488211688236333,0.0,57.606807824337125,7.046298556857639,50.56050926747949,57.923095703125,48.56486742424242,0.8426751544579915,35.6507083051838,1.3219629538814452,1.1372322123660434,24.936316856971153,51.55170147235577,0.03196054844666102,,0.030921364125525704,1.0000000000000233,8.0,1.8552818475315422,0.000581861738498178,0.01286187070376716,0.013432226129088872,0.005084589875306769,57540,119.93047662806708,60.0,0,0,0,False,True,0,True,Release,ed9a29634800cc32cdf05548c6e204385f274363fe833228f404fca87e39c994,e7c4a00fc5b92e508dc44eb6836216e7a7bdf8a65476823a686870f6f6cb4c4f,Adaptive,adaptive-geometry-in-framebuffer-pixels,1.8552818475315422,318024.0750782065,"{'16': 56, '32': 4}"
120hz-152x88-organic-60-swiftui-r1-adaptive-seed42,swiftui,organic,60,152,88,120,3.368183524504692,3.2288038855775922,40.35338335728738,0.15772606039320713,119.80755521099921,9.150293777929615,11.559629195253365,0.0,85.85200824159564,6.994093153211805,78.85791508838383,87.68865966796875,50.29592803030303,1.3142985848063973,22.93766668299213,1.6698733786047617,1.6141144340510492,44.02754094050481,40.53721736027644,,,,,,,,,,,0,,,0,0,0,False,True,0,True,Release,ed9a29634800cc32cdf05548c6e204385f274363fe833228f404fca87e39c994,e7c4a00fc5b92e508dc44eb6836216e7a7bdf8a65476823a686870f6f6cb4c4f,Adaptive,SwiftUI-managed-not-configurable,,,
120hz-152x88-organic-60-swiftui-r2-adaptive-seed42,swiftui,organic,60,152,88,120,3.34832,3.248518281723559,39.738664484271915,0.1569039475074724,118.68239739413174,8.41409167042002,14.042235002852975,1.7580144777662874,78.53673206676136,7.074015299479167,71.46271676728219,85.376220703125,50.09564393939394,1.191045279454703,23.359458311460912,1.1844707189101775,1.2665166094362812,43.78367262620192,61.251220703125,,,,,,,,,,,0,,,0,0,0,False,True,0,True,Release,ed9a29634800cc32cdf05548c6e204385f274363fe833228f404fca87e39c994,e7c4a00fc5b92e508dc44eb6836216e7a7bdf8a65476823a686870f6f6cb4c4f,Adaptive,SwiftUI-managed-not-configurable,,,
120hz-152x88-organic-60-swiftui-r3-adaptive-seed42,swiftui,organic,60,152,88,120,3.371002092050209,3.273312407833525,40.260542427445095,0.16066086990953615,119.43197105214207,8.412712503923103,10.647277513053268,0.5202913631633715,75.9259366122159,7.061923556857639,68.86401305535827,100.891845703125,50.089962121212125,1.1477335509226378,23.528916703071445,1.166727153745992,1.3539994468307563,44.02165339543269,40.29208608774039,,,,,,,,,,,0,,,0,0,0,False,True,0,True,Release,ed9a29634800cc32cdf05548c6e204385f274363fe833228f404fca87e39c994,e7c4a00fc5b92e508dc44eb6836216e7a7bdf8a65476823a686870f6f6cb4c4f,Adaptive,SwiftUI-managed-not-configurable,,,
120hz-320x200-organic-15-kh-r1-adaptive-seed42,kh,organic,15,320,200,120,2.2713065693430656,2.1754612944655,27.21243248806494,0.14461583129642094,119.8095970634895,8.471800008555874,8.516929182223976,0.0,62.792765299479164,6.737148708767361,56.05561659071181,63.0792236328125,45.86931818181818,3.737041106047454,27.867583325132728,1.148318376352055,1.1426024442352312,25.22339336688702,55.5479736328125,0.05917267716963325,,0.1468677152662649,1.0000000000000233,1.9999999999999891,2.2030157289939734,0.0008362095936068467,0.021020391608627603,0.03031921855989436,0.006996857407504449,14385,119.93047662806708,15.0,0,0,0,False,True,0,True,Release,ed9a29634800cc32cdf05548c6e204385f274363fe833228f404fca87e39c994,e7c4a00fc5b92e508dc44eb6836216e7a7bdf8a65476823a686870f6f6cb4c4f,Adaptive,adaptive-geometry-in-framebuffer-pixels,2.203015728993974,276480.0,{'32': 15}
120hz-320x200-organic-15-kh-r2-adaptive-seed42,kh,organic,15,320,200,120,2.2817153284671527,2.17827690328437,27.337823053614834,0.1499797097976369,119.81259323870287,8.462364599108696,8.51919582055416,0.0,62.86716345584754,6.737209743923611,56.12995371192393,63.17303466796875,45.81486742424242,3.7419969141282623,28.109916718676686,1.2393225961676742,1.1449497403401745,25.304044283353367,55.61053466796875,0.05884453361167045,,0.1475408932904341,1.0000000000000233,1.9999999999999891,2.2131133993565113,0.0009177640660869544,0.020988040203426057,0.029729376680570203,0.0072093526615871605,14385,119.93047099824776,15.0,0,0,0,False,True,0,True,Release,ed9a29634800cc32cdf05548c6e204385f274363fe833228f404fca87e39c994,e7c4a00fc5b92e508dc44eb6836216e7a7bdf8a65476823a686870f6f6cb4c4f,Adaptive,adaptive-geometry-in-framebuffer-pixels,2.2131133993565113,276480.0,{'32': 15}
120hz-320x200-organic-15-kh-r3-adaptive-seed42,kh,organic,15,320,200,120,2.2958550573514076,2.196779944614651,27.505713049109797,0.14775525632861136,119.8059649324793,8.467464579734951,8.52738042594865,0.0,63.031936183120266,6.749301486545139,56.28263469657513,65.51678466796875,46.02698863636363,3.752175646438342,28.73129164800048,1.1869789482221227,1.1571066109933854,25.253502478966347,55.81966928335336,0.05979920357648966,,0.14600425803332082,1.0000000000000233,1.9999999999999891,2.190063870499812,0.0008982826842640604,0.021468387127795353,0.030338802012502573,0.0070937317519276805,14385,119.93046599328463,15.0,0,0,0,False,True,0,True,Release,ed9a29634800cc32cdf05548c6e204385f274363fe833228f404fca87e39c994,e7c4a00fc5b92e508dc44eb6836216e7a7bdf8a65476823a686870f6f6cb4c4f,Adaptive,adaptive-geometry-in-framebuffer-pixels,2.190063870499812,276480.0,{'32': 15}
120hz-320x200-organic-15-swiftui-r1-adaptive-seed42,swiftui,organic,15,320,200,120,3.854771637122002,3.753553928127716,46.18207989061573,0.12612135065292185,119.80496962745002,8.47011455334723,8.502407917403616,0.0,97.8010586825284,6.815395779079861,90.98566290344854,98.2044677734375,52.864583333333336,6.065710860229903,16.578958369791508,1.2126384551820544,1.4230994429353365,27.859393780048077,33.4075927734375,,,,,,,,,,,0,,,0,0,0,False,True,0,True,Release,ed9a29634800cc32cdf05548c6e204385f274363fe833228f404fca87e39c994,e7c4a00fc5b92e508dc44eb6836216e7a7bdf8a65476823a686870f6f6cb4c4f,Adaptive,SwiftUI-managed-not-configurable,,,
120hz-320x200-organic-15-swiftui-r2-adaptive-seed42,swiftui,organic,15,320,200,120,3.8635672575599584,3.764602952689707,46.28849426773593,0.12981951715253737,119.80765748845667,8.469906242680736,8.525306683732197,0.0,97.59544418797348,6.754509819878472,90.840934368095,97.969970703125,52.828125,6.0560622912063335,15.860791667364538,1.1856681541478225,1.2351718464894685,27.84124286358173,33.41468224158654,,,,,,,,,,,0,,,0,0,0,False,True,0,True,Release,ed9a29634800cc32cdf05548c6e204385f274363fe833228f404fca87e39c994,e7c4a00fc5b92e508dc44eb6836216e7a7bdf8a65476823a686870f6f6cb4c4f,Adaptive,SwiftUI-managed-not-configurable,,,
120hz-320x200-organic-15-swiftui-r3-adaptive-seed42,swiftui,organic,15,320,200,120,3.855784150156413,3.756632865002091,46.194081416723215,0.12779431682219874,119.8046353680076,8.473822896485217,8.526098757865839,0.0,97.91895640980114,6.707756890190972,91.21119951961016,98.2825927734375,52.85842803030303,6.080746634640677,15.63475001603365,1.1878783564182913,1.2188947510269834,27.87261493389423,33.3450927734375,,,,,,,,,,,0,,,0,0,0,False,True,0,True,Release,ed9a29634800cc32cdf05548c6e204385f274363fe833228f404fca87e39c994,e7c4a00fc5b92e508dc44eb6836216e7a7bdf8a65476823a686870f6f6cb4c4f,Adaptive,SwiftUI-managed-not-configurable,,,
120hz-152x88-organic-60-kh-r1-seed42,kh,organic,60,152,88,120,4.496777893639208,4.400310016924081,53.87610878696568,0.2963358550444168,119.81047332396524,8.42419167747721,8.475988318677992,0.0,75.17918997099905,6.926445855034722,68.25274411596432,75.62615966796875,49.07954545454545,1.137545735266072,34.621833357959986,1.1557861969797236,1.1625540355429458,24.932589017427883,53.46870774489183,0.030033239927421254,,0.10814668924511645,1.0000000000000233,8.0,6.488801354706987,0.0005400852697341728,0.01174358633217532,0.013983587526698796,0.003765980798812945,57540,119.93043471467787,60.0,0,0,0,False,True,0,True,Release,efd8805a5beba4ceb29457bfffdcd8f4c3dd66d23dc64c089429920dc707b8f6,af247ade39340c5b7e6f12c1aa32411c3f23209339efec9d859b81ddcb3b8e8e,Before,fixed-subdivisions-per-patch,6.488801354706987,,
120hz-152x88-organic-60-kh-r2-seed42,kh,organic,60,152,88,120,4.387394160583942,4.287661077862831,52.564527747277545,0.288925312638644,119.80808157040865,8.438441637554206,8.503047897247598,0.0,75.27489494554925,6.950751410590278,68.32414353495898,75.438720703125,49.01231060606061,1.1387357255826496,35.0337500567548,1.194882930991914,1.206953476011102,24.91942889873798,53.46035531850961,0.028977113097163516,,0.10626119150418231,1.0000000000000233,8.0,6.375671490250939,0.0005515887504210453,0.011242399511376159,0.013464272659274221,0.0037188521760920835,57540,119.93053730902349,60.0,0,0,0,False,True,0,True,Release,efd8805a5beba4ceb29457bfffdcd8f4c3dd66d23dc64c089429920dc707b8f6,af247ade39340c5b7e6f12c1aa32411c3f23209339efec9d859b81ddcb3b8e8e,Before,fixed-subdivisions-per-patch,6.375671490250939,,
120hz-152x88-organic-60-kh-r3-seed42,kh,organic,60,152,88,120,4.556728884254433,4.459488660347131,54.592397439980225,0.30432281838691133,119.80611273280213,8.435685455333441,8.470397928613238,0.0,75.6745771928267,7.004631890190972,68.66994530263572,76.11065673828125,49.098958333333336,1.144499088377262,34.2228333465755,1.1649973227601096,1.113570327169777,25.034874549278847,53.45080096905048,0.030471102812966454,,0.10640731157823517,1.0000000000000233,8.0,6.3844386946941105,0.0005527516775759669,0.011759441260388914,0.014294473421620714,0.0038644364533808664,57540,119.93043971876446,60.0,0,0,0,False,True,0,True,Release,efd8805a5beba4ceb29457bfffdcd8f4c3dd66d23dc64c089429920dc707b8f6,af247ade39340c5b7e6f12c1aa32411c3f23209339efec9d859b81ddcb3b8e8e,Before,fixed-subdivisions-per-patch,6.3844386946941105,,
